城市,城区,类型,1998,1999,2000,2001,2002,2003,2004,2005,2006,2007,2008,2009,2010,2011,2012,2013,2014,2015,2016,2017,2018,2019,2020,2021,2022,2023,2024,2025
北京,全城均价,房价,8900,9600,10100,10700,11900,13300,15300,18900,22900,29100,28100,34500,40100,41900,42700,47700,45100,49600,56000,62900,63700,67200,69900,74500,70700,66300,62200,59200
北京,全城均价,房租,13,14,15,16,18,20,23,28,34,44,42,52,60,63,64,72,68,74,84,94,96,101,105,112,106,99,93,89
北京,西城区,房价,19200,19900,21700,23000,25400,28200,33000,40300,48100,59400,58300,74000,86800,89800,88200,98500,96100,102900,118300,133100,138500,140700,142200,159700,148700,142500,130300,124300
北京,西城区,房租,25,25,28,29,33,36,42,52,62,76,75,95,111,115,113,126,123,132,151,170,177,180,182,205,190,182,167,159
北京,东城区,房价,16900,18500,19400,20600,23100,25100,29600,37200,42600,54400,52100,65300,77700,79700,79800,88000,87500,92600,106200,121400,123700,123800,129100,145300,133700,125600,119700,115900
北京,东城区,房租,22,24,25,26,29,32,38,47,54,69,66,83,99,102,102,112,112,118,135,155,158,158,165,185,170,160,153,148
北京,海淀区,房价,16100,17000,18200,19400,21300,24100,27600,34900,40700,52500,49100,63300,74600,74800,76400,85600,81700,89900,100600,113900,116400,120700,125500,134000,129800,121000,114900,107000
北京,海淀区,房租,23,24,26,28,30,34,39,50,58,75,70,90,107,107,109,122,117,128,144,163,166,172,179,191,185,173,164,153
北京,朝阳区,房价,12500,13600,14500,15200,17100,18700,21800,27100,32100,40700,38000,49400,57100,58900,59200,65500,63200,68100,80700,86600,90200,92400,94800,106400,99000,94200,88700,84200
北京,朝阳区,房租,17,19,20,21,23,26,30,37,44,56,52,68,78,80,81,90,86,93,110,118,123,126,130,145,135,129,121,115
北京,丰台区,房价,9800,10500,11200,12000,13400,14700,17300,21400,24600,32300,30800,37800,44300,45500,47400,51600,51100,53300,63100,69700,72200,73500,75600,81400,77200,73000,69500,66200
北京,丰台区,房租,15,16,17,18,20,22,26,33,38,49,47,58,68,70,72,79,78,81,96,107,110,112,116,124,118,112,106,101
北京,石景山区,房价,8900,9500,10300,11000,11800,12900,15400,19300,22900,28900,27900,34200,40300,41300,42300,47500,46400,49300,57500,62900,64200,66600,68300,75100,71600,68000,62900,60600
北京,石景山区,房租,14,15,16,17,18,20,24,30,35,44,43,52,62,63,65,73,71,76,88,96,98,102,105,115,110,104,96,93
北京,通州区,房价,7200,7700,8200,8800,9700,10400,12600,15300,18100,23400,22400,27900,32600,33700,34100,37500,35900,39300,45900,50000,51900,52700,56100,59800,57700,53900,50100,47600
北京,通州区,房租,10,10,11,12,13,14,17,21,24,32,30,38,44,46,46,51,49,53,62,68,70,71,76,81,78,73,68,64
北京,昌平区,房价,6800,7300,7600,8200,9000,9800,11700,14600,16900,21700,20900,25900,31100,32000,32100,34900,34600,37300,42000,48100,48100,49700,51500,56900,53900,50000,46500,44800
北京,昌平区,房租,10,11,11,12,13,14,17,21,24,31,30,37,45,46,46,50,50,54,60,69,69,72,74,82,78,72,67,64
北京,大兴区,房价,6200,6600,7200,7400,8400,9300,10800,13200,15700,20100,19100,24400,28200,29000,29500,32400,32100,34600,40600,44000,46100,46400,47500,52900,50000,46600,43800,42800
北京,大兴区,房租,9,10,11,11,12,14,16,19,23,29,28,36,41,42,43,47,47,50,59,64,67,68,69,77,73,68,64,62
北京,顺义区,房价,5800,6200,6600,7000,7900,8600,9900,12700,14900,18800,17800,22200,26700,27700,27700,30700,29700,31600,36700,41000,42900,42800,45200,48300,45600,42900,41300,39200
北京,顺义区,房租,7,8,8,9,10,11,12,16,19,24,22,28,33,35,35,39,37,40,46,51,54,54,57,61,57,54,52,49
北京,房山区,房价,4500,4700,5000,5500,5900,6600,7700,9700,11500,14300,14000,17400,20700,21000,21400,23500,22600,24400,28300,32100,32900,33600,34900,37500,36100,33300,31700,29800
北京,房山区,房租,7,7,7,8,9,10,11,14,17,21,20,25,30,30,31,34,33,35,41,46,48,49,50,54,52,48,46,43
北京,门头沟区,房价,5000,5200,5700,6000,6600,7400,8500,10400,12500,16000,15300,19400,22500,23300,23100,25300,25100,26900,31800,34000,35200,36900,37500,41400,39100,37200,34400,33500
北京,门头沟区,房租,7,8,8,9,10,11,13,15,18,24,23,29,33,34,34,37,37,40,47,50,52,54,55,61,58,55,51,49
北京,怀柔区,房价,4000,4300,4600,4800,5300,6000,7100,8700,10200,13200,12400,15900,18100,18700,19100,20800,20400,21900,25900,28400,29400,30200,30600,33700,32100,30500,28900,27400
北京,怀柔区,房租,5,6,6,6,7,8,9,11,13,17,16,21,23,24,25,27,26,28,34,37,38,39,40,44,42,39,37,35
北京,平谷区,房价,3100,3300,3500,3800,4200,4600,5400,6600,8100,9900,9500,12200,14100,14500,15000,16100,15900,17200,19800,22000,22800,22900,24600,26100,25100,23500,21700,21000
北京,平谷区,房租,4,4,4,5,5,6,7,8,10,12,12,15,18,18,19,20,20,22,25,28,29,29,31,33,32,30,27,26
北京,密云区,房价,3200,3300,3600,3800,4200,4600,5400,6800,7900,10000,9700,12300,14600,14600,15000,16600,16200,17200,20300,21800,22400,23100,24100,26500,24600,24000,21600,20600
北京,密云区,房租,4,5,5,5,6,6,8,9,11,14,13,17,20,20,21,23,23,24,28,30,31,32,34,37,34,33,30,29
北京,延庆区,房价,2600,2900,3100,3300,3600,4000,4700,5700,6700,8600,8300,10600,12100,12500,12600,14000,13800,14800,16900,18700,19600,20200,20700,22300,20900,20400,19100,18100
北京,延庆区,房租,4,4,5,5,5,6,7,9,10,13,13,16,18,19,19,21,21,22,26,28,30,30,31,34,32,31,29,27
上海,全城均价,房价,9300,10000,10500,11000,12600,13400,16200,20200,23500,29800,28300,35700,41900,43100,44800,47800,47000,50500,60000,65500,68100,67800,70200,77900,71900,70300,63900,62500
上海,全城均价,房租,14,15,16,17,19,20,25,31,36,45,43,54,64,66,68,73,72,77,91,100,104,103,107,119,110,107,97,95
上海,黄浦区,房价,20800,21800,23500,24800,27200,30200,35900,44000,51300,65100,62500,77800,94100,96000,95000,106500,104500,110700,127300,141600,147300,152000,159200,171000,164100,155600,144300,136800
上海,黄浦区,房租,30,32,34,36,40,44,52,64,75,95,91,114,138,140,139,156,153,162,186,207,215,222,233,250,240,227,211,200
上海,徐汇区,房价,17900,19100,19900,21400,23900,25700,30900,38000,44800,56700,55200,68300,78800,82600,84800,93100,89600,96900,112200,124700,128100,129200,137000,148400,139400,134300,123800,119900
上海,徐汇区,房租,26,28,29,31,35,38,45,56,66,83,81,100,116,121,124,137,131,142,165,183,188,189,201,218,204,197,182,176
上海,长宁区,房价,15900,16800,17900,18900,21400,23500,27000,33500,39900,50600,48400,62300,71800,74400,73800,83000,80000,86600,98600,112100,114200,116900,119000,131200,125400,119800,109100,105400
上海,长宁区,房租,21,22,24,25,28,31,36,44,53,67,64,83,95,99,98,110,106,115,131,148,151,155,158,174,166,159,144,140
上海,静安区,房价,16500,17800,19000,20300,22000,24100,29400,35100,41700,53500,51300,64600,76100,78900,80400,88500,83500,89700,105900,117800,120900,120800,129100,137700,131000,127400,118600,111400
上海,静安区,房租,23,25,27,29,31,34,41,49,59,75,72,91,107,111,113,125,118,126,149,166,170,170,182,194,185,180,167,157
上海,普陀区,房价,13000,14000,14900,15400,17300,19000,22900,28200,33100,41300,39800,50300,60000,60500,62700,67900,65500,72300,83400,92500,95000,94300,100500,106800,101600,96900,89800,86700
上海,普陀区,房租,17,18,19,20,22,24,29,36,42,53,51,65,77,78,80,87,84,93,107,119,122,121,129,137,130,124,115,111
上海,虹口区,房价,14100,14900,15700,16500,18400,20600,24200,30000,34800,43900,42500,54600,63200,66300,65600,71300,69600,76300,89400,99000,100100,102600,105900,117800,108500,105400,97400,92600
上海,虹口区,房租,19,20,21,22,25,28,33,41,47,60,58,74,86,90,89,97,95,104,122,135,136,139,144,160,148,143,132,126
上海,杨浦区,房价,13700,14700,15600,16700,18300,20700,23700,29900,35200,44600,42700,53300,62800,65800,67200,72500,71900,75600,89700,98200,100200,103900,108400,117300,111400,102400,96700,91400
上海,杨浦区,房租,18,19,20,22,24,27,31,39,46,58,56,70,82,86,88,95,94,99,117,128,131,136,141,153,145,134,126,119
上海,浦东新区,房价,12200,12700,13500,14500,15900,17900,21200,26100,30300,39300,37700,46600,54900,56200,57000,64100,61800,65000,77900,85800,87900,89600,93600,100400,96000,89600,83000,80100
上海,浦东新区,房租,16,17,18,19,21,24,28,34,40,52,50,61,72,74,75,84,81,85,102,113,115,118,123,132,126,118,109,105
上海,闵行区,房价,10400,10700,11600,12300,13800,15200,17400,21500,26100,32500,31900,39200,46400,47700,48100,52400,52200,56600,64400,72700,74700,73900,78800,86700,80600,75300,70800,67600
上海,闵行区,房租,16,16,17,18,21,23,26,32,39,48,48,58,69,71,72,78,78,84,96,108,111,110,118,129,120,112,106,101
上海,宝山区,房价,7300,8000,8400,9000,10000,10700,13100,15600,19200,24000,23200,28500,34200,34200,35300,38700,37300,41000,46700,51700,52600,53900,56200,61800,58100,54500,51800,48700
上海,宝山区,房租,10,10,11,12,13,14,17,20,25,31,30,37,45,45,46,51,49,54,61,68,69,70,73,81,76,71,68,64
上海,嘉定区,房价,6900,7400,7900,8400,9300,10100,12300,14600,17300,22400,21000,26600,31000,33200,32400,36600,34800,37900,44100,48600,49300,51500,52400,58700,53800,52500,48500,47200
上海,嘉定区,房租,9,10,10,11,12,13,16,19,23,30,28,35,41,44,43,49,46,50,59,65,65,68,70,78,71,70,64,63
上海,青浦区,房价,6500,7000,7500,7900,8700,9400,11300,14200,16700,20500,20200,25400,29200,30100,30200,34100,32800,34900,41600,45500,46200,46900,49900,53900,50900,48800,46200,43700
上海,青浦区,房租,9,10,10,11,12,13,16,20,23,28,28,35,40,42,42,47,45,48,57,63,64,65,69,74,70,67,64,60
上海,松江区,房价,7000,7600,7900,8400,9300,10400,11900,15000,17800,22700,21100,27100,31500,32800,32400,36400,35500,37700,44400,49800,51000,51000,54400,58600,55400,52800,48900,46800
上海,松江区,房租,9,10,10,11,12,13,15,19,23,29,27,35,40,42,41,47,45,48,57,64,65,65,70,75,71,68,63,60
上海,奉贤区,房价,4600,5000,5200,5600,6300,6900,7900,10100,11900,14800,14200,17600,21300,22000,21900,24400,23600,25700,29000,32100,34100,33900,35500,38500,36800,35200,33100,30900
上海,奉贤区,房租,7,7,7,8,9,10,11,14,17,21,20,25,30,31,31,35,34,37,41,46,49,48,51,55,52,50,47,44
上海,金山区,房价,2700,2900,3200,3300,3800,4100,4800,5900,7000,8900,8500,11000,12400,13100,13000,14400,14100,15500,17400,19700,20100,20300,21700,22900,22000,20600,19500,18700
上海,金山区,房租,4,4,5,5,6,6,7,9,10,13,13,16,18,19,19,21,21,23,26,29,30,30,32,34,33,31,29,28
上海,崇明区,房价,2300,2500,2700,2800,3100,3400,4000,4900,5900,7500,7100,8900,10600,10700,11100,12200,12000,12500,14600,16500,16500,16900,17900,19200,18400,17600,16500,15700
上海,崇明区,房租,3,3,4,4,4,4,5,6,8,10,9,12,14,14,15,16,16,16,19,22,22,22,24,25,24,23,22,21
深圳,全城均价,房价,4800,5000,5300,5500,5800,6200,7000,8500,10500,15000,12500,14500,19000,19500,20000,24000,28000,42000,53000,56000,58000,62000,72000,78000,68000,63000,59000,57000
深圳,全城均价,房租,22,23,25,26,28,30,32,35,38,45,42,46,52,55,58,62,68,75,85,92,98,105,102,110,108,105,100,98
深圳,南山区,房价,4500,4800,5200,5800,6500,7500,9000,12000,15000,21000,17000,22000,28000,30000,32000,38000,42000,62000,82000,92000,95000,105000,125000,138000,125000,118000,110000,106000
深圳,南山区,房租,25,26,28,30,35,38,42,48,52,60,55,62,70,75,78,85,92,110,125,140,148,155,150,165,160,155,150,148
深圳,福田区,房价,5000,5300,5800,6500,7500,8500,9800,12500,15500,20000,16500,21000,27000,29000,31000,36000,40000,58000,78000,86000,85000,92000,105000,115000,105000,98000,93000,90000
深圳,福田区,房租,28,30,32,35,38,42,45,50,55,65,60,68,75,78,80,88,95,105,120,135,140,145,142,155,150,145,140,138
深圳,宝安区,房价,2200,2300,2500,2800,3200,3800,4500,5800,7500,11000,8500,10500,15000,16000,17500,21000,25000,38000,58000,65000,68000,75000,90000,98000,85000,78000,72000,69000
深圳,宝安区,房租,15,16,18,20,22,24,26,30,32,38,35,38,42,45,48,52,58,80,95,105,110,115,112,125,120,115,110,108
深圳,龙华区,房价,2000,2100,2300,2600,3000,3500,4200,5500,7000,10000,8000,9800,14000,15000,16500,19000,23000,35000,52000,58000,60000,63000,70000,82000,72000,68000,62000,59000
深圳,龙华区,房租,14,15,16,18,20,22,25,28,30,35,32,35,40,42,45,48,52,70,82,90,95,100,98,108,105,100,95,92
深圳,罗湖区,房价,5500,5600,5800,6000,6500,7200,8000,9500,11000,16000,13500,15500,19000,20000,21000,25000,29000,45000,55000,60000,58000,60000,65000,72000,65000,60000,56000,54000
深圳,罗湖区,房租,30,31,33,35,38,40,42,46,50,58,55,60,65,68,70,75,80,85,95,105,108,110,108,115,112,108,105,102
深圳,盐田区,房价,3500,3600,3800,4000,4200,4800,5500,6800,8500,12000,10000,11500,15000,16000,17000,20000,23000,32000,42000,48000,46000,48000,52000,60000,55000,50000,46000,44000
深圳,盐田区,房租,18,19,20,22,24,26,28,32,35,40,38,40,45,48,50,52,55,55,65,72,75,78,75,80,78,75,72,70
深圳,光明区,房价,1200,1300,1400,1500,1600,1800,2200,3000,4000,6500,5000,6000,8500,9000,9500,11000,13000,18000,32000,38000,40000,43000,55000,62000,52000,48000,44000,41000
深圳,光明区,房租,8,8,9,10,11,12,14,16,18,22,20,22,25,26,28,30,32,40,50,60,65,70,68,75,72,68,65,62
深圳,龙岗区,房价,1800,1900,2100,2300,2600,3000,3800,4800,6000,9000,7000,8500,12000,12500,13000,15000,18000,26000,36000,40000,41000,42000,45000,52000,45000,40000,37000,35000
深圳,龙岗区,房租,12,13,14,15,18,20,22,25,28,32,28,30,35,36,38,40,42,45,55,62,65,68,66,72,70,68,65,62
深圳,坪山区,房价,1000,1100,1200,1300,1400,1600,1900,2500,3500,5500,4500,5500,7500,8000,8500,9500,11000,16000,28000,32000,33000,35000,38000,45000,38000,35000,33000,31000
深圳,坪山区,房租,6,7,8,9,10,11,12,14,16,18,16,18,20,22,24,26,28,35,42,48,50,55,52,58,55,52,50,48
深圳,大鹏新区,房价,1100,1200,1300,1400,1600,1800,2100,2800,3800,6000,5000,6200,8500,9000,9500,10500,12000,18000,28000,32000,31000,32000,35000,40000,35000,32000,30000,28000
深圳,大鹏新区,房租,6,7,8,9,10,12,14,16,18,20,18,20,22,24,25,28,30,30,38,45,48,50,48,52,50,48,45,42
广州,全城均价,房价,4900,5200,5500,5800,6400,7000,8300,10100,12100,15100,14600,18900,21400,22500,22500,25100,24700,25900,30300,33000,34300,35300,36600,40500,37700,35800,34300,31900
广州,全城均价,房租,9,10,10,11,12,13,16,19,23,28,27,35,40,42,42,47,46,48,57,62,64,66,68,76,70,67,64,60
广州,天河区,房价,10700,11200,11900,12600,14300,15600,18400,22800,26600,33100,33000,40400,48300,49500,49200,55200,52700,57100,67000,75100,77200,76700,79500,86700,82400,78500,74300,71800
广州,天河区,房租,21,22,23,25,28,31,36,45,52,65,65,79,95,97,97,108,103,112,131,147,152,151,156,170,162,154,146,141
广州,越秀区,房价,8700,9100,9600,10300,11700,12500,15200,18100,22000,28100,26400,33500,38500,40200,40900,45100,44500,46700,54600,60600,62900,63000,67000,73300,69300,64300,60900,57600
广州,越秀区,房租,13,14,15,16,18,19,23,28,34,43,41,52,59,62,63,70,69,72,84,94,97,97,104,113,107,99,94,89
广州,海珠区,房价,7500,8100,8900,9100,10300,11000,13200,16100,19100,24400,23700,29500,34300,36100,36800,40600,39100,41800,47700,52900,54300,55300,58100,64000,61200,57200,52900,51200
广州,海珠区,房租,14,15,16,17,19,20,24,29,35,44,43,54,63,66,67,74,71,76,87,96,99,101,106,117,112,104,96,93
广州,荔湾区,房价,5800,6100,6500,6800,7800,8500,10100,12400,14700,18200,17900,22300,25800,26400,26900,29400,28900,32000,36600,39600,40700,42000,44000,47800,45000,43500,40100,38200
广州,荔湾区,房租,11,12,13,13,15,17,20,24,29,36,35,44,51,52,53,58,57,63,72,78,80,83,87,94,89,86,79,75
广州,白云区,房价,4800,5200,5400,5700,6300,6900,8400,10400,12200,15200,15000,18800,22200,22600,22300,25200,24600,26300,31000,34000,34200,34900,36800,40400,38000,35800,33500,31800
广州,白云区,房租,9,10,10,11,12,13,16,20,23,29,28,36,42,43,42,48,47,50,59,64,65,66,70,77,72,68,63,60
广州,番禺区,房价,4100,4300,4700,4800,5500,6100,7000,8800,10500,12800,12700,16100,18800,18700,19200,21500,20700,22300,25900,28800,28900,29600,31500,33600,32500,30000,28600,26700
广州,番禺区,房租,7,7,8,8,9,10,11,14,17,21,20,26,30,30,31,34,33,36,42,46,46,47,51,54,52,48,46,43
广州,黄埔区,房价,5400,5600,5900,6300,7000,7800,9100,11200,13500,17000,16300,20200,23500,24300,25400,27000,27100,28700,33200,37000,38000,38500,41200,43500,42000,39100,36500,35300
广州,黄埔区,房租,8,9,9,10,11,12,14,17,21,26,25,31,36,38,39,42,42,44,51,57,59,60,64,67,65,60,56,55
广州,南沙区,房价,2900,3100,3200,3400,3800,4300,5000,6100,7300,9300,8700,11100,13000,13400,13900,15200,14500,16000,18000,19900,20400,20800,21700,24200,22800,21100,19900,19200
广州,南沙区,房租,5,5,5,6,6,7,8,10,12,15,14,18,21,22,23,25,24,26,29,32,33,34,35,39,37,34,32,31
广州,花都区,房价,1900,2000,2200,2300,2500,2800,3300,4000,4900,6100,5900,7400,8600,9000,9000,10000,9800,10500,12100,13200,13900,14000,14600,15800,14900,14300,13200,12900
广州,花都区,房租,4,4,4,4,5,5,6,7,9,11,11,14,16,17,17,18,18,19,22,24,26,26,27,29,27,26,24,24
广州,增城区,房价,1700,1800,1900,2100,2200,2500,2900,3600,4300,5400,5200,6400,7600,8000,7900,8900,8600,9200,10600,11600,12000,12200,12600,13800,13300,12400,11900,11000
广州,增城区,房租,3,3,4,4,4,5,6,7,8,10,10,12,15,15,15,17,17,18,20,22,23,24,24,27,26,24,23,21
广州,从化区,房价,1500,1600,1700,1700,1900,2100,2500,3100,3600,4500,4500,5600,6500,6600,6900,7600,7300,8000,9100,10100,10500,10600,11100,12000,11500,10700,10000,9600
广州,从化区,房租,2,3,3,3,3,3,4,5,6,7,7,9,10,10,11,12,11,13,14,16,17,17,17,19,18,17,16,15
烟台,全城均价,房价,1400,1400,1500,1600,1800,2000,2300,2900,3400,4300,4200,5100,6200,6300,6400,7000,6900,7500,8400,9400,9800,9800,10400,11000,10600,10200,9300,9000
烟台,全城均价,房租,3,3,4,4,4,5,5,7,8,10,10,12,15,15,15,17,16,18,20,22,23,23,25,26,25,24,22,21
烟台,莱山区,房价,1800,1900,2100,2200,2400,2700,3200,4000,4600,5800,5600,6900,8200,8400,8600,9600,9100,10100,11600,12900,13100,13400,14200,15300,14300,13800,12600,12000
烟台,莱山区,房租,5,5,5,6,6,7,8,10,12,15,14,18,21,21,22,24,23,26,30,33,33,34,36,39,36,35,32,31
烟台,芝罘区,房价,1600,1700,1700,1900,2100,2300,2700,3300,4000,5000,4700,6100,7200,7200,7200,8000,8000,8300,9800,10900,11200,11300,12000,13200,12000,11700,11000,10400
烟台,芝罘区,房租,4,4,4,5,5,6,7,8,10,13,12,15,18,18,18,20,20,21,25,28,28,29,30,33,30,30,28,26
烟台,开发区,房价,1400,1500,1600,1700,1900,2100,2400,3100,3600,4600,4300,5400,6500,6500,6600,7400,7200,7700,9000,9900,10000,10400,11100,11600,11300,10400,10000,9300
烟台,开发区,房租,3,4,4,4,5,5,6,8,9,11,11,13,16,16,16,18,18,19,22,25,25,26,27,29,28,26,25,23
烟台,高新区,房价,1300,1500,1500,1600,1800,2000,2400,2900,3400,4400,4100,5300,6100,6300,6500,7000,7000,7300,8500,9400,9500,9800,10200,11300,10500,10300,9600,9100
烟台,高新区,房租,3,3,3,3,4,4,5,6,7,9,9,11,13,14,14,15,15,16,18,20,20,21,22,24,23,22,21,20
烟台,福山区,房价,1100,1100,1200,1300,1500,1600,1900,2300,2700,3400,3300,4100,4900,5000,5200,5600,5500,6000,6800,7500,7700,7900,8100,9000,8600,8000,7500,7300
烟台,福山区,房租,3,3,3,4,4,4,5,6,7,9,9,11,13,14,14,15,15,16,18,20,21,21,22,24,23,22,20,20
烟台,蓬莱区,房价,1200,1200,1300,1400,1500,1700,2000,2400,3000,3700,3500,4500,5200,5400,5300,6000,5900,6400,7400,8000,8200,8400,8700,9700,9000,8700,8000,7600
烟台,蓬莱区,房租,3,3,3,3,4,4,5,6,7,9,9,11,13,13,13,15,14,16,18,19,20,20,21,24,22,21,19,18
烟台,牟平区,房价,900,900,1000,1000,1200,1300,1500,1900,2200,2800,2700,3400,4000,4100,4200,4500,4500,4700,5600,6200,6300,6300,6700,7300,6900,6500,6100,6000
烟台,牟平区,房租,2,2,2,2,3,3,4,5,5,7,7,8,10,10,10,11,11,11,14,15,15,15,16,18,17,16,15,15
杭州,全城均价,房价,4700,5000,5200,5500,6200,6800,8000,9800,11800,14800,14100,18200,20800,21300,22100,23800,23700,24900,29200,33100,33300,34500,36100,39400,36200,34800,32700,30400
杭州,全城均价,房租,8,8,9,9,10,11,13,16,20,24,23,30,34,35,37,39,39,41,48,55,55,57,60,65,60,58,54,50
杭州,上城区,房价,7500,7800,8500,9000,10100,11000,13100,15800,19200,24100,22500,29300,33500,34900,35400,39200,37100,41200,47300,52600,54400,54700,57300,63100,58600,54700,51400,49000
杭州,上城区,房租,12,12,13,14,16,17,20,24,30,37,35,45,52,54,55,61,57,64,73,81,84,85,89,98,91,85,79,76
杭州,拱墅区,房价,6600,7000,7400,7900,8500,9500,11100,13600,16700,20900,20200,25000,29300,30300,31100,33900,32500,35200,40900,46000,46700,48000,50500,53500,51500,48400,45200,42800
杭州,拱墅区,房租,11,12,13,14,15,16,19,23,29,36,35,43,50,52,53,58,56,61,70,79,80,83,87,92,89,83,78,74
杭州,西湖区,房价,7000,7600,7900,8200,9100,10000,12000,15100,17300,22500,21800,26800,31200,32300,33300,35900,36000,37400,44300,48000,50600,51600,53900,59200,54700,52300,48800,45900
杭州,西湖区,房租,13,14,14,15,17,18,22,27,31,41,40,49,57,59,60,65,65,68,80,87,92,94,98,107,99,95,89,83
杭州,滨江区,房价,7100,7400,7900,8400,9200,10100,12000,15100,17300,22000,21400,26900,31900,32900,33400,36200,36000,38600,44400,49300,50100,51800,53000,59000,54300,52300,49500,45600
杭州,滨江区,房租,13,14,15,16,17,19,22,28,32,41,40,50,60,62,63,68,67,72,83,92,94,97,99,110,102,98,93,85
杭州,萧山区,房价,4200,4500,4800,5100,5500,6200,7400,8900,10400,13400,12700,16400,19200,19400,19700,22100,21200,23200,26700,29000,30100,31100,32400,34300,32500,30800,29700,27600
杭州,萧山区,房租,7,8,8,9,9,10,12,15,17,22,21,27,32,32,33,37,35,39,45,48,50,52,54,57,54,51,50,46
杭州,余杭区,房价,4600,5000,5300,5500,6300,6900,8200,9700,11600,14900,14100,18000,20700,21700,21600,23700,23900,25600,29200,32600,34100,34300,35900,38400,36900,34400,32800,30900
杭州,余杭区,房租,8,9,9,10,11,12,15,17,21,26,25,32,37,38,38,42,42,45,52,58,60,61,64,68,65,61,58,55
杭州,临平区,房价,2800,3000,3200,3400,3800,4100,4800,5900,7000,8900,8500,10700,12800,13000,13100,14500,14400,15300,17900,19400,20200,20200,21800,23500,21700,21100,19500,18500
杭州,临平区,房租,5,6,6,6,7,8,9,11,13,17,16,20,24,24,25,27,27,29,34,36,38,38,41,44,41,40,37,35
杭州,钱塘区,房价,3300,3500,3700,4000,4300,4900,5600,6900,8400,10600,10000,12700,14600,15300,15300,17000,16300,18000,20500,23000,23700,23900,25000,27600,25700,24200,22900,22000
杭州,钱塘区,房租,6,6,6,7,7,9,10,12,15,18,17,22,25,27,27,30,28,31,36,40,41,42,44,48,45,42,40,38
杭州,富阳区,房价,2300,2500,2700,2800,3100,3400,4100,4900,5900,7600,7100,8900,10500,11000,11100,12300,11600,12900,14700,16500,16700,16700,17900,19300,18400,17400,16000,15400
杭州,富阳区,房租,4,4,5,5,6,6,7,9,11,14,13,16,19,20,20,22,21,23,26,30,30,30,32,35,33,31,29,28
杭州,临安区,房价,1900,2000,2100,2200,2500,2700,3200,3900,4700,6100,5700,7100,8500,8800,8800,9600,9500,10300,11900,12900,13400,13700,14500,15600,14600,13700,13100,12400
杭州,临安区,房租,3,3,4,4,4,5,6,7,8,11,10,12,15,15,15,17,16,18,20,22,23,24,25,27,25,24,23,21
南京,全城均价,房价,3800,4100,4500,4700,5300,5700,6900,8500,10000,12600,11800,15100,17700,18200,18200,20000,19500,21300,24400,26900,28200,28000,30200,33000,30700,29000,27600,26000
南京,全城均价,房租,7,7,8,9,10,10,13,15,18,23,21,27,32,33,33,36,35,39,44,49,51,51,55,60,56,53,50,47
南京,鼓楼区,房价,6200,6700,7000,7600,8200,9000,10900,13500,16100,19700,19100,24500,28300,29000,29300,32500,31800,34100,39700,44500,45200,46700,48300,52800,48100,46000,44400,42100
南京,鼓楼区,房租,11,12,13,14,15,17,20,25,30,37,35,45,52,54,54,60,59,63,74,82,84,87,90,98,89,85,82,78
南京,建邺区,房价,6600,7100,7400,7800,8900,9700,11400,14000,17100,21000,20400,26000,30500,31200,31100,34600,33100,35900,42600,45900,47300,48400,50500,55100,53000,50100,46500,44700
南京,建邺区,房租,12,13,13,14,16,18,21,25,31,38,37,47,55,57,57,63,60,65,77,83,86,88,92,100,96,91,85,81
南京,玄武区,房价,5800,6200,6700,6900,7700,8700,10200,12300,15100,18900,18100,22800,26100,27100,28100,29900,29200,32500,36900,40800,42500,42100,45300,48900,46300,44500,41300,38400
南京,玄武区,房租,9,10,11,11,12,14,16,19,24,30,29,36,41,43,44,47,46,51,58,65,67,67,72,77,73,70,65,61
南京,秦淮区,房价,5400,5800,6100,6600,7400,8200,9400,11800,13700,17800,16500,21300,25200,25600,25400,28800,27800,29500,34200,38400,39100,39300,41500,44800,43700,41300,37600,35800
南京,秦淮区,房租,10,11,11,12,14,15,17,22,25,33,30,39,47,47,47,53,51,54,63,71,72,73,77,83,81,76,69,66
南京,雨花台区,房价,4300,4600,4800,5100,5700,6200,7500,9100,11000,13600,13100,16800,19300,19900,20500,22400,21500,23200,26900,29700,30500,31500,32700,35800,33100,32500,30200,28100
南京,雨花台区,房租,7,8,8,9,10,11,13,15,19,23,22,29,33,34,35,38,37,39,46,50,52,53,56,61,56,55,51,48
南京,栖霞区,房价,3900,4200,4400,4700,5100,5800,6800,8400,9800,12400,11900,15000,17900,18100,18300,20300,19900,21300,24500,27000,28200,28600,29700,32800,31200,29600,27000,25700
南京,栖霞区,房租,8,8,9,9,10,11,13,17,19,24,23,29,35,36,36,40,39,42,48,53,55,56,58,64,61,58,53,51
南京,江宁区,房价,3500,3700,4000,4200,4800,5200,6000,7400,8900,11400,10700,13300,15600,16200,16300,18600,17800,19200,22500,24600,25400,25300,27100,28700,27800,26400,24700,23800
南京,江宁区,房租,6,6,7,7,8,9,10,13,15,19,18,23,27,28,28,32,30,33,38,42,43,43,46,49,48,45,42,41
南京,浦口区,房价,3200,3400,3500,3700,4100,4700,5300,6600,7900,10000,9400,12200,13900,14300,14800,16300,16000,17300,20000,21500,22400,22800,23800,26300,24700,22900,21900,21100
南京,浦口区,房租,5,6,6,6,7,8,9,11,13,16,15,20,23,23,24,26,26,28,32,35,36,37,39,43,40,37,36,34
南京,六合区,房价,2000,2100,2200,2400,2600,2800,3300,4200,4900,6300,6000,7400,8900,9100,9200,10100,9900,10700,12500,13900,14000,14100,15200,16300,15500,14800,13800,12800
南京,六合区,房租,4,4,4,5,5,5,6,8,10,12,12,14,17,18,18,20,19,21,24,27,27,27,30,32,30,29,27,25
南京,溧水区,房价,1600,1600,1800,1900,2000,2300,2700,3300,4000,5100,4800,6000,7100,7200,7400,8100,7900,8400,9800,10800,11400,11600,11900,12900,12500,11900,11100,10500
南京,溧水区,房租,3,3,3,3,3,4,5,6,7,9,8,10,12,12,13,14,14,15,17,19,20,20,21,22,22,21,19,18
南京,高淳区,房价,1400,1400,1500,1600,1800,2000,2400,2900,3500,4400,4100,5300,6200,6300,6600,7200,7000,7600,8600,9600,9800,10000,10700,11200,10600,10000,9500,9000
南京,高淳区,房租,3,3,3,3,4,4,5,6,7,9,8,10,12,12,13,14,14,15,17,19,19,20,21,22,21,20,19,18
苏州,全城均价,房价,3300,3500,3700,4000,4400,4800,5700,7000,8400,10700,10300,12900,15100,15300,15500,17300,16400,18300,21200,23400,23900,24300,25500,28000,25700,24800,22800,21700
苏州,全城均价,房租,8,9,9,10,11,12,14,17,20,26,25,31,37,37,38,42,40,45,52,57,58,59,62,68,63,60,55,53
苏州,工业园区,房价,6000,6400,6700,7200,7800,8700,10400,12500,15300,19100,18400,22700,26900,27800,27600,31300,30200,32100,37100,42100,42400,43800,45100,49000,47200,44400,41800,40300
苏州,工业园区,房租,15,16,17,18,19,21,26,31,38,47,45,56,66,69,68,77,74,79,91,104,105,108,111,121,116,109,103,99
苏州,姑苏区,房价,4300,4500,4900,5200,5600,6200,7400,9200,10800,13700,13100,16900,19800,20000,20600,22100,21700,23900,27100,29800,31000,31900,33300,35900,33800,32400,29700,28700
苏州,姑苏区,房租,12,12,13,14,15,17,20,25,30,38,36,46,54,55,56,61,59,65,74,82,85,87,91,98,93,89,81,79
苏州,虎丘区,房价,4700,5000,5100,5600,6100,6900,8000,9900,11800,14600,14300,17700,20600,21900,21900,24300,23500,24800,29800,32000,33000,33700,36000,39100,36700,34400,32300,31200
苏州,虎丘区,房租,11,11,11,13,14,15,18,22,26,33,32,40,46,49,49,54,53,56,67,72,74,75,81,88,82,77,72,70
苏州,吴中区,房价,3000,3200,3300,3600,3900,4300,5200,6300,7500,9500,9000,11600,13600,13800,14100,15600,15100,16400,18800,20600,21500,22100,23000,24700,23100,22300,20800,19600
苏州,吴中区,房租,7,7,7,8,9,10,12,14,17,21,20,26,30,31,31,35,34,37,42,46,48,49,51,55,52,50,46,44
苏州,相城区,房价,2700,2800,3000,3200,3500,3900,4500,5700,6700,8400,8100,10300,11900,12400,12700,13600,13300,14300,16400,18400,18900,19500,19900,22200,20900,19400,18500,17400
苏州,相城区,房租,6,7,7,8,8,9,11,14,16,20,19,25,28,30,30,32,32,34,39,44,45,46,47,53,50,46,44,41
苏州,吴江区,房价,2500,2700,2800,3000,3300,3600,4400,5300,6300,8000,7600,9700,11300,11600,11700,12900,12700,13400,15600,17100,18000,18300,18600,20800,19200,18200,17600,16800
苏州,吴江区,房租,6,7,7,8,9,9,11,14,16,21,20,25,29,30,30,33,33,35,40,44,47,47,48,54,50,47,46,43
成都,全城均价,房价,2400,2500,2600,2800,3100,3400,4100,5000,5800,7600,7200,8900,10500,10700,11000,12100,12000,12800,14800,16600,16600,17000,17800,19300,18600,17400,16600,15300
成都,全城均价,房租,6,6,6,7,7,8,10,12,14,18,17,21,25,26,26,29,29,31,36,40,40,41,43,46,45,42,40,37
成都,高新区,房价,4000,4200,4400,4800,5400,5700,6800,8600,10100,12400,12300,15300,17700,18700,19000,20300,20100,21200,25500,28000,28100,28800,30700,32300,31400,29800,27400,26600
成都,高新区,房租,8,9,9,10,11,12,14,18,21,26,26,32,38,40,40,43,43,45,54,59,60,61,65,68,67,63,58,56
成都,锦江区,房价,3700,3900,4200,4400,4900,5400,6600,7800,9400,11700,11500,14300,16800,17600,17600,19000,18800,20500,23800,26100,26700,27800,28500,30700,29000,27700,26000,25000
成都,锦江区,房租,8,8,9,10,11,12,14,17,20,25,25,31,36,38,38,41,41,45,52,57,58,60,62,67,63,60,56,54
成都,青羊区,房价,3500,3700,3900,4300,4700,5100,5900,7300,8800,11300,10700,13500,16100,16500,16200,18500,17600,19000,21600,24800,25300,25600,26400,29500,27500,25600,24400,23100
成都,青羊区,房租,9,10,10,11,12,13,15,19,23,29,28,35,42,43,42,48,46,50,56,65,66,67,69,77,72,67,64,60
成都,天府新区,房价,3000,3200,3500,3600,4100,4400,5300,6500,7800,9700,9200,11600,13700,14100,14600,15600,15300,16200,19000,20800,21400,21800,23500,25200,23700,22500,21300,20000
成都,天府新区,房租,7,8,9,9,10,11,13,16,19,24,22,28,33,34,35,38,37,39,46,51,52,53,57,61,58,55,52,49
成都,武侯区,房价,2500,2700,2900,3000,3400,3800,4400,5500,6600,8300,7700,10000,11600,11900,12200,13300,13000,13900,16100,17600,18400,19000,19400,21400,19800,19300,18000,17100
成都,武侯区,房租,6,6,7,7,8,9,10,12,15,19,17,22,26,27,27,30,29,31,36,39,41,43,43,48,44,43,40,38
成都,成华区,房价,2400,2500,2700,2800,3100,3500,4000,5000,6000,7400,7000,8800,10700,10800,10900,12200,11600,12600,14900,16400,16400,17000,18200,19200,18200,17500,16200,15600
成都,成华区,房租,6,6,7,7,8,9,10,13,15,19,18,23,28,28,28,31,30,33,38,42,42,44,47,50,47,45,42,40
成都,金牛区,房价,2100,2200,2400,2500,2800,3000,3700,4500,5300,6600,6500,8100,9400,9600,10100,11100,10700,11500,13100,14900,15100,15100,15700,17400,16200,15300,14600,13700
成都,金牛区,房租,4,5,5,5,6,6,8,10,11,14,14,17,20,21,22,24,23,25,28,32,32,32,34,37,35,33,31,29
成都,双流区,房价,2000,2100,2200,2300,2700,2900,3500,4300,5100,6300,6100,7700,9100,9100,9500,10400,9900,10800,12400,13700,14400,14200,15000,16500,15400,14800,13600,13400
成都,双流区,房租,5,5,5,5,6,7,8,10,12,15,14,18,21,21,22,24,23,25,29,32,34,33,35,39,36,35,32,31
成都,龙泉驿区,房价,1600,1700,1900,1900,2100,2400,2800,3400,4100,5200,4900,6200,7400,7600,7700,8600,8400,8900,10100,11400,11600,11700,12500,13400,13000,12300,11600,11000
成都,龙泉驿区,房租,3,4,4,4,4,5,6,7,9,11,10,13,15,16,16,18,18,19,21,24,24,24,26,28,27,26,24,23
成都,温江区,房价,1400,1500,1600,1700,1900,2100,2400,2900,3600,4400,4300,5500,6200,6400,6700,7100,7200,7500,8900,9900,10000,10000,10700,11800,11000,10400,9900,9300
成都,温江区,房租,4,4,4,4,5,5,6,7,9,11,11,14,16,16,17,18,18,19,23,25,25,25,27,30,28,26,25,24
成都,郫都区,房价,1400,1500,1600,1600,1900,2000,2400,3000,3500,4400,4300,5400,6300,6400,6500,7200,7000,7600,8900,9800,10000,10100,10900,11400,10800,10400,9700,9300
成都,郫都区,房租,3,3,3,3,4,4,5,7,8,10,9,12,14,14,14,16,15,17,19,21,22,22,24,25,24,23,21,20
武汉,全城均价,房价,2200,2300,2500,2600,3000,3200,3800,4700,5600,6900,6700,8400,10000,10100,10200,11300,11100,11800,13800,15400,15400,15900,17000,18000,16800,16200,15400,14300
武汉,全城均价,房租,6,6,6,7,8,8,10,12,14,17,17,21,25,26,26,29,28,30,35,39,39,40,43,46,42,41,39,36
武汉,武昌区,房价,3000,3300,3500,3600,4100,4500,5300,6400,7900,9900,9300,11700,13800,14400,14600,15800,15300,16700,19500,20900,21700,22200,23300,25200,23900,22300,21700,20600
武汉,武昌区,房租,8,9,9,10,11,12,14,17,21,26,25,31,37,38,39,42,41,44,52,55,58,59,62,67,63,59,58,55
武汉,江岸区,房价,2900,3000,3200,3400,3800,4100,4900,6000,7100,9000,8600,11000,12800,13200,13500,14500,14300,15500,17900,19800,20700,20800,21700,23900,22600,21500,20200,18700
武汉,江岸区,房租,6,6,7,7,8,9,11,13,15,19,19,24,28,28,29,31,31,33,39,43,45,45,47,52,49,46,44,40
武汉,江汉区,房价,2700,2700,3000,3100,3400,3800,4600,5600,6600,8300,7900,10000,12000,12000,12300,13700,13100,14100,16700,18400,18700,19200,19800,22000,20700,19600,18200,17100
武汉,江汉区,房租,7,7,7,8,8,9,11,14,16,20,19,25,30,30,30,34,32,35,41,45,46,47,49,54,51,48,45,42
武汉,洪山区,房价,2300,2600,2800,2800,3200,3500,4100,5200,6000,7600,7300,9400,10800,11300,11200,12400,12200,13200,15200,16700,17300,17700,18100,19900,19100,17700,16800,16200
武汉,洪山区,房租,5,6,7,7,8,8,10,12,14,18,17,22,25,27,26,29,29,31,36,39,41,42,43,47,45,42,39,38
武汉,东湖高新,房价,2800,3000,3200,3400,3700,4100,4900,6100,7200,9100,8700,11000,12800,13100,13600,14900,14300,15400,17600,19500,20500,20400,22000,23200,21900,20900,19500,19100
武汉,东湖高新,房租,6,7,7,8,8,9,11,14,16,21,20,25,29,30,31,34,32,35,40,44,46,46,50,52,49,47,44,43
武汉,汉阳区,房价,1900,2100,2200,2300,2600,2900,3300,4200,5000,6200,5900,7600,9000,9300,9300,10200,10100,10500,12300,13800,14100,14400,14700,16200,15300,14900,13500,13000
武汉,汉阳区,房租,5,5,5,6,6,7,8,10,12,15,15,19,22,23,23,25,25,26,31,34,35,36,37,40,38,37,34,32
武汉,硚口区,房价,2000,2100,2200,2300,2600,2900,3400,4200,4900,6400,6000,7600,8800,9300,9200,10100,10100,10500,12200,13400,14400,14600,15100,16000,15300,14500,13800,13200
武汉,硚口区,房租,5,5,5,6,6,7,8,10,12,16,15,19,22,23,23,25,25,26,30,33,36,36,37,40,38,36,34,33
武汉,青山区,房价,1700,1900,2000,2100,2300,2500,3000,3700,4500,5500,5300,6600,7900,8000,8100,9000,8900,9600,10900,12000,12700,12700,13200,14700,13700,13100,12300,11800
武汉,青山区,房租,4,4,5,5,5,6,7,9,10,13,12,15,18,19,19,21,21,22,25,28,29,29,31,34,32,30,28,27
武汉,江夏区,房价,1500,1600,1700,1800,2000,2200,2600,3200,3900,5000,4700,5900,6900,7200,7100,7900,7800,8300,9600,10700,11000,11300,11400,12800,12200,11300,10500,10300
武汉,江夏区,房租,3,4,4,4,5,5,6,7,9,12,11,14,16,17,16,18,18,19,22,25,25,26,26,30,28,26,24,24
武汉,东西湖区,房价,1400,1500,1600,1700,1900,2100,2500,3000,3500,4500,4400,5600,6400,6500,6600,7300,7100,7600,9000,9900,10400,10600,11000,11900,11300,10500,9700,9500
武汉,东西湖区,房租,4,4,5,5,5,6,7,8,10,13,12,16,18,18,19,21,20,21,25,28,29,30,31,34,32,30,27,27
武汉,黄陂区,房价,900,900,1000,1100,1200,1300,1500,1800,2200,2800,2600,3400,3900,4100,4100,4500,4400,4800,5600,6000,6300,6300,6700,7300,6900,6400,6000,5800
武汉,黄陂区,房租,2,2,3,3,3,3,4,5,6,7,7,9,10,10,10,11,11,12,14,15,16,16,17,19,17,16,15,15
天津,全城均价,房价,2400,2500,2700,2900,3200,3500,4100,5200,6000,7600,7500,9200,11100,11300,11400,12600,12200,13000,15300,17100,17200,17900,18800,19700,18800,17900,16600,16000
天津,全城均价,房租,6,6,7,7,8,9,10,13,15,19,19,23,28,28,29,32,31,33,39,43,43,45,47,50,47,45,42,40
天津,和平区,房价,6000,6400,6700,7100,8200,8700,10500,12700,15300,19100,18600,23300,27200,27500,28000,31700,30500,32700,38100,41200,42500,43200,46800,49500,46900,45300,41700,40600
天津,和平区,房租,17,18,19,20,23,24,29,35,42,53,51,64,75,76,77,88,84,90,105,114,118,119,129,137,130,125,115,112
天津,河西区,房价,3900,4100,4400,4700,5100,5700,6700,8200,9700,12300,11900,14900,17700,18000,18000,19900,19200,21400,24600,27200,27700,27900,29000,31900,29600,28700,27300,25300
天津,河西区,房租,10,10,11,12,13,14,17,20,24,31,30,37,44,45,45,50,48,53,61,68,69,70,72,80,74,72,68,63
天津,南开区,房价,3600,3800,4100,4300,4800,5300,6300,7600,9100,11600,11100,13900,16100,16600,17000,18600,17900,19300,22900,25600,25700,26100,27600,29700,28700,26700,25500,23800
天津,南开区,房租,10,10,11,12,13,15,17,21,25,32,31,38,44,46,47,51,49,53,63,71,71,72,76,82,79,74,70,66
天津,河东区,房价,2600,2900,3000,3100,3500,3800,4700,5600,6700,8500,8100,10200,12100,12400,12500,14000,13500,14500,16700,18600,18600,19600,20500,21600,20600,19400,18500,17900
天津,河东区,房租,6,6,7,7,8,8,10,12,15,19,18,23,27,28,28,31,30,32,37,41,41,44,46,48,46,43,41,40
天津,河北区,房价,2400,2600,2700,2900,3200,3500,4200,5000,6200,7600,7400,9200,10800,11000,11300,12300,12300,13300,15400,16500,17000,17600,18400,20400,18800,18200,17100,16200
天津,河北区,房租,6,7,7,7,8,9,11,13,16,19,19,24,28,28,29,31,31,34,39,42,44,45,47,52,48,47,44,41
天津,红桥区,房价,2400,2500,2700,2900,3200,3500,4200,5100,6100,7700,7300,9400,10700,11300,11300,12300,11900,13200,15500,16700,17200,17500,18600,20000,19100,18200,16500,16200
天津,红桥区,房租,5,5,6,6,7,7,9,11,13,16,15,20,22,24,24,26,25,28,32,35,36,37,39,42,40,38,35,34
天津,西青区,房价,2100,2300,2500,2600,2800,3200,3700,4600,5400,6800,6700,8300,9700,10100,10300,11100,11200,11600,13900,15200,15700,15800,16500,17700,16800,16100,14900,14400
天津,西青区,房租,5,5,6,6,6,7,8,10,12,15,15,19,22,23,23,25,25,26,31,34,35,35,37,40,38,36,33,32
天津,滨海新区,房价,1900,2000,2200,2300,2600,2800,3300,4000,4900,6000,6000,7300,8700,8800,9100,9800,9600,10400,12200,13200,13700,13800,14700,16100,15100,14200,13200,12800
天津,滨海新区,房租,4,4,5,5,6,6,7,9,11,13,13,16,19,20,20,22,21,23,27,29,30,31,33,36,34,32,29,28
天津,津南区,房价,1400,1500,1600,1700,2000,2200,2500,3100,3700,4600,4400,5500,6700,6800,6800,7600,7300,7800,9000,10100,10400,10800,11100,12200,11200,10800,10200,9600
天津,津南区,房租,3,3,4,4,4,5,6,7,8,10,10,12,15,15,15,17,16,17,20,22,23,24,25,27,25,24,23,21
天津,武清区,房价,1500,1500,1600,1700,1900,2200,2500,3000,3700,4700,4400,5700,6400,6800,6700,7600,7200,7900,9200,10200,10300,10600,10900,12000,11300,10600,10100,9700
天津,武清区,房租,4,4,4,4,5,5,6,7,9,12,11,14,16,17,17,19,18,20,23,25,25,26,27,30,28,26,25,24
重庆,全城均价,房价,1600,1700,1800,1900,2100,2300,2700,3300,3900,5000,4700,6100,7000,7500,7400,8300,7900,8700,9800,10800,11200,11600,12100,12900,12600,11700,11200,10700
重庆,全城均价,房租,4,4,4,5,5,6,7,8,10,12,12,15,17,19,18,21,20,22,24,27,28,29,30,32,31,29,28,27
重庆,渝中区,房价,2000,2200,2300,2500,2700,3000,3600,4300,5200,6600,6400,8000,9100,9700,9600,10500,10500,11300,12900,14300,14800,15000,15700,16800,16100,15300,14600,13600
重庆,渝中区,房租,5,6,6,6,7,8,9,11,13,17,16,20,23,25,25,27,27,29,33,37,38,38,40,43,41,39,37,35
重庆,江北区,房价,2200,2300,2500,2600,2900,3200,3900,4700,5500,7200,6800,8500,10100,10200,10400,11600,11000,12200,13700,15200,15700,16500,17200,18400,17400,16700,15300,14500
重庆,江北区,房租,6,6,6,7,7,8,10,12,14,18,17,22,26,26,27,30,28,31,35,39,40,42,44,47,44,43,39,37
重庆,渝北区,房价,1900,2000,2100,2300,2500,2800,3200,4000,4800,6000,5800,7300,8500,8900,9100,9900,9600,10200,12000,13400,13800,13600,14500,15900,14900,14300,13100,12700
重庆,渝北区,房租,4,5,5,5,6,6,7,9,11,14,13,17,19,20,21,22,22,23,27,30,31,31,33,36,34,32,30,29
重庆,南岸区,房价,1700,1900,2000,2100,2300,2500,3000,3700,4500,5500,5300,6700,7800,7900,8200,9100,8700,9400,11100,12200,12600,12800,13200,14200,13400,13100,12300,11500
重庆,南岸区,房租,4,4,4,4,5,5,6,8,9,12,11,14,16,17,17,19,18,20,23,26,26,27,28,30,28,28,26,24
重庆,沙坪坝区,房价,1400,1500,1600,1700,1900,2100,2400,3000,3500,4500,4300,5400,6500,6600,6700,7400,7300,7600,8900,9900,10200,10300,10800,11600,11200,10800,10000,9300
重庆,沙坪坝区,房租,4,4,5,5,5,6,7,8,10,13,12,15,18,19,19,21,21,21,25,28,29,29,30,33,32,30,28,26
重庆,九龙坡区,房价,1400,1500,1600,1700,1900,2100,2400,3000,3600,4500,4300,5400,6300,6700,6800,7400,7100,7700,9000,10000,10200,10600,11100,11800,11000,10500,9800,9500
重庆,九龙坡区,房租,3,3,3,4,4,4,5,6,8,9,9,11,13,14,14,16,15,16,19,21,22,22,23,25,23,22,21,20
重庆,巴南区,房价,1100,1200,1200,1300,1500,1600,1900,2400,2700,3500,3400,4300,4900,5100,5300,5700,5500,6000,7100,7600,7800,8200,8500,9100,8800,8200,7800,7300
重庆,巴南区,房租,3,3,3,4,4,4,5,7,7,10,9,12,13,14,15,16,15,16,19,21,21,22,23,25,24,22,21,20
重庆,北碚区,房价,1100,1200,1200,1300,1500,1600,1900,2400,2700,3500,3300,4200,5100,5200,5300,5800,5500,6100,6900,7700,7800,8000,8400,9200,8600,8100,7800,7400
重庆,北碚区,房租,2,3,3,3,3,3,4,5,6,7,7,9,11,11,11,12,12,13,14,16,16,17,18,19,18,17,16,16
重庆,大渡口区,房价,1100,1200,1300,1300,1400,1600,1900,2400,2700,3500,3400,4200,5000,5200,5100,5600,5700,6000,6900,7900,8100,8100,8600,9200,8800,8300,7700,7400
重庆,大渡口区,房租,2,3,3,3,3,3,4,5,6,7,7,9,11,11,11,12,12,13,15,17,17,17,18,19,19,17,16,16
青岛,全城均价,房价,2700,2900,3000,3200,3600,3900,4700,5900,6800,8700,8400,10400,12400,12800,12900,14300,13800,15000,16900,19100,19500,19700,21100,22500,21400,19900,18600,17800
青岛,全城均价,房租,6,6,6,7,8,8,10,13,15,19,18,22,26,27,28,31,29,32,36,41,42,42,45,48,46,43,40,38
青岛,市南区,房价,3700,4100,4200,4500,5100,5600,6600,8000,9600,11900,11700,14900,17100,17500,18100,20000,19100,21000,23600,26200,27700,28100,29500,31900,30000,28300,26200,25400
青岛,市南区,房租,10,11,12,13,14,16,18,22,27,33,33,41,48,49,50,56,53,58,66,73,77,78,82,89,84,79,73,71
青岛,市北区,房价,1400,1400,1500,1700,1800,2000,2300,2900,3500,4300,4200,5300,6200,6300,6300,7000,6800,7400,8500,9500,9600,9700,10200,11300,10400,10100,9300,8800
青岛,市北区,房租,4,4,4,5,5,6,7,8,10,12,12,15,18,18,18,20,19,21,24,27,27,28,29,32,30,29,26,25
青岛,黄岛区,房价,2400,2600,2800,2900,3200,3500,4300,5100,6100,7800,7400,9500,10900,11500,11300,12900,12300,13400,15100,17300,17400,17600,18300,20600,19200,18500,17300,15900
青岛,黄岛区,房租,5,6,6,6,7,7,9,11,13,17,16,20,23,25,24,28,26,29,32,37,37,38,39,44,41,40,37,34
青岛,崂山区,房价,2400,2600,2800,2900,3200,3500,4200,5100,6200,7700,7500,9300,10900,11400,11400,12500,12300,13200,15500,17000,17300,18100,18500,20000,19200,18000,16800,16200
青岛,崂山区,房租,5,6,6,7,7,8,10,12,14,18,17,21,25,26,26,28,28,30,35,39,39,41,42,46,44,41,38,37
青岛,李沧区,房价,2400,2500,2700,2900,3300,3500,4100,5300,6300,7800,7500,9200,11100,11500,11700,12700,12300,13500,15600,17000,17500,17900,18500,20500,18800,18400,16900,16200
青岛,李沧区,房租,5,5,6,6,7,7,9,11,13,16,16,19,23,24,25,27,26,28,33,36,37,38,39,43,40,39,36,34
青岛,城阳区,房价,2400,2600,2800,2900,3300,3500,4200,5200,6100,7800,7300,9500,11100,11400,11600,12400,12400,13100,15300,17200,17300,17700,18800,20300,19300,17800,17000,16000
青岛,城阳区,房租,5,6,6,6,7,8,9,11,13,17,16,21,24,25,25,27,27,29,33,37,38,39,41,44,42,39,37,35
青岛,即墨区,房价,2400,2600,2700,2900,3300,3500,4200,5200,6300,7800,7500,9300,11000,11400,11500,12600,12500,13500,15700,17100,17800,17700,19000,20400,19200,18000,16900,16200
青岛,即墨区,房租,5,6,6,6,7,8,9,11,14,17,16,20,24,25,25,27,27,29,34,37,38,38,41,44,41,39,36,35
济南,全城均价,房价,2000,2100,2300,2400,2700,3000,3500,4300,5100,6400,6300,8000,9400,9300,9500,10600,10300,11100,12900,14300,14700,14600,15300,16900,16000,15000,14300,13300
济南,全城均价,房租,5,6,6,6,7,8,9,12,14,17,17,22,25,25,26,29,28,30,35,39,40,39,41,46,43,41,39,36
济南,历下区,房价,1800,2000,2100,2200,2500,2700,3200,3900,4600,5800,5700,7000,8200,8500,8700,9500,9300,9900,11600,12900,13300,13100,14300,15200,14400,13600,13000,12100
济南,历下区,房租,4,5,5,5,6,7,8,10,11,14,14,17,20,21,22,24,23,25,29,32,33,33,36,38,36,34,32,30
济南,市中区,房价,1000,1100,1200,1200,1300,1500,1700,2200,2600,3200,3100,3800,4600,4800,4800,5200,5200,5400,6400,7200,7200,7400,7700,8600,7900,7400,7100,6900
济南,市中区,房租,2,2,3,3,3,3,4,5,6,7,7,8,10,10,10,11,11,12,14,16,16,16,17,19,17,16,15,15
济南,槐荫区,房价,1800,1900,2100,2200,2500,2700,3100,3900,4700,5800,5500,6900,8200,8600,8700,9300,9300,9800,11700,12700,13300,13500,13800,15000,14100,13400,12700,12300
济南,槐荫区,房租,5,5,5,6,6,7,8,10,12,15,14,18,21,22,23,24,24,25,30,33,35,35,36,39,37,35,33,32
济南,天桥区,房价,1800,1900,2100,2200,2400,2700,3200,3900,4600,5800,5600,7100,8400,8400,8700,9600,9100,10100,11600,13000,13100,13300,13800,15000,14200,13800,12800,12000
济南,天桥区,房租,4,4,5,5,6,6,7,9,11,14,13,17,20,20,20,22,21,24,27,30,31,31,32,35,33,32,30,28
济南,历城区,房价,1800,1900,2100,2200,2400,2700,3200,3900,4600,5900,5500,7200,8100,8400,8800,9600,9200,9900,11600,12900,13400,13600,13700,15300,14200,13400,13000,12300
济南,历城区,房租,4,5,5,5,6,6,8,9,11,14,13,17,19,20,21,23,22,24,28,31,32,33,33,37,34,32,31,30
济南,长清区,房价,1800,1900,2100,2200,2400,2700,3100,3900,4600,5900,5600,7100,8400,8600,8800,9600,9100,9800,11600,12500,13100,13500,13800,14900,14100,13400,13000,12300
济南,长清区,房租,4,5,5,5,6,6,7,9,11,14,13,17,20,20,21,23,22,23,28,30,31,32,33,35,33,32,31,29
济南,章丘区,房价,1800,1900,2000,2200,2500,2700,3100,3800,4700,5700,5500,7100,8100,8500,8500,9400,9200,10000,11400,12700,13100,13200,14100,15400,14100,13400,12600,12200
济南,章丘区,房租,5,5,5,6,7,7,8,10,12,15,14,19,21,22,22,25,24,26,30,33,34,35,37,40,37,35,33,32
济南,济阳区,房价,1800,1900,2100,2200,2400,2600,3200,3900,4700,5900,5600,7000,8400,8600,8600,9400,9100,9800,11500,12600,12900,13400,13800,15300,14200,13800,12500,12100
济南,济阳区,房租,4,4,5,5,6,6,8,9,11,14,13,17,20,20,20,22,22,23,27,30,31,32,33,36,34,33,30,29
济南,莱芜区,房价,1800,1900,2100,2200,2400,2700,3100,3900,4600,5800,5700,7000,8300,8700,8500,9600,9400,10100,11700,12900,13400,13500,14200,15300,14400,13700,12500,12200
济南,莱芜区,房租,5,5,6,6,7,8,9,11,13,16,16,20,23,24,24,27,26,28,33,36,37,38,40,43,40,38,35,34
济南,钢城区,房价,1800,1900,2000,2200,2400,2700,3200,4000,4600,5700,5500,7000,8400,8600,8600,9500,9200,9800,11400,12600,13300,13200,14000,14900,14100,13700,12800,12100
济南,钢城区,房租,5,5,6,6,7,7,9,11,13,16,15,19,23,24,24,26,25,27,31,35,37,36,39,41,39,38,35,33
大连,全城均价,房价,1800,1900,2000,2200,2400,2600,3100,3900,4600,5800,5500,6800,8300,8300,8600,9300,9000,9800,11400,12400,13000,13200,14000,14900,14400,13700,12500,11900
大连,全城均价,房租,4,4,4,5,5,6,7,9,10,13,12,15,18,18,19,20,20,21,25,27,28,29,31,33,31,30,27,26
大连,中山区,房价,2500,2700,2800,3000,3300,3700,4300,5500,6400,8200,7800,9600,11400,11700,12100,13000,12800,13800,16100,17800,18300,18300,19600,21200,19500,19000,17600,16700
大连,中山区,房租,6,7,7,7,8,9,10,13,15,20,19,23,27,28,29,31,31,33,39,43,44,44,47,51,47,46,42,40
大连,西岗区,房价,1600,1700,1800,1900,2200,2400,2800,3500,4200,5200,4900,6300,7400,7500,7600,8500,8200,8900,10400,11100,11600,11700,12400,13800,12500,12200,11300,11000
大连,西岗区,房租,4,4,4,4,5,5,6,8,10,12,11,14,17,17,17,19,19,20,24,25,26,27,28,31,28,28,26,25
大连,沙河口区,房价,1700,1700,1900,2000,2200,2400,2800,3500,4000,5200,5000,6300,7400,7600,7600,8500,8300,8700,10100,11400,11700,11800,12300,13600,12600,12000,11200,10900
大连,沙河口区,房租,5,5,5,5,6,7,8,10,11,14,14,17,20,21,21,23,23,24,28,31,32,32,34,37,34,33,31,30
大连,甘井子区,房价,1600,1700,1800,2000,2200,2300,2800,3500,4000,5300,4900,6100,7200,7600,7700,8500,8300,8800,10400,11200,11500,11700,12500,13700,12900,12000,11100,10700
大连,甘井子区,房租,4,4,4,5,5,5,7,8,9,12,11,14,17,18,18,20,19,21,24,26,27,27,29,32,30,28,26,25
大连,旅顺口区,房价,1600,1800,1800,1900,2100,2400,2800,3400,4200,5200,5000,6200,7400,7500,7800,8400,8100,9000,10300,11300,11600,11700,12600,13700,12600,11900,11300,10800
大连,旅顺口区,房租,4,4,4,4,5,6,6,8,10,12,12,14,17,17,18,19,19,21,24,26,27,27,29,32,29,27,26,25
大连,金州区,房价,1600,1700,1900,2000,2100,2400,2800,3500,4100,5300,4900,6400,7500,7600,7500,8500,8100,8900,10400,11400,11800,12000,12700,13600,12900,11900,11200,11000
大连,金州区,房租,3,4,4,4,4,5,6,7,9,11,10,13,16,16,16,18,17,19,22,24,25,25,26,28,27,25,23,23
大连,普兰店区,房价,1600,1700,1800,1900,2200,2400,2800,3500,4100,5300,5000,6300,7500,7600,7500,8600,8200,8800,10400,11500,11700,12000,12500,13200,12700,12000,11100,10900
大连,普兰店区,房租,4,4,4,5,5,6,7,8,10,13,12,15,18,18,18,20,20,21,25,27,28,29,30,31,30,29,26,26
沈阳,全城均价,房价,1300,1400,1400,1500,1700,1900,2200,2700,3300,4200,3900,4900,5700,6000,6100,6600,6500,6900,8000,9000,9000,9300,9700,10700,9800,9600,9000,8300
沈阳,全城均价,房租,3,3,3,3,4,4,5,6,8,10,9,11,13,14,14,15,15,16,18,21,21,21,22,25,23,22,21,19
沈阳,和平区,房价,1800,1900,2000,2200,2300,2700,3100,3800,4500,5800,5400,6800,7900,8200,8600,9400,9100,9600,11200,12400,12900,13200,13700,14800,14200,13300,12300,12000
沈阳,和平区,房租,4,4,4,5,5,6,7,8,10,13,12,15,17,18,19,20,20,21,24,27,28,29,30,32,31,29,27,26
沈阳,沈河区,房价,1200,1200,1300,1400,1500,1700,2000,2500,2900,3700,3500,4500,5200,5400,5400,6000,5900,6300,7300,8200,8300,8500,8700,9600,9100,8500,8100,7800
沈阳,沈河区,房租,3,3,3,3,3,4,4,6,7,8,8,10,12,12,12,13,13,14,16,18,19,19,20,22,20,19,18,18
沈阳,大东区,房价,1100,1200,1300,1400,1600,1700,2000,2500,2900,3700,3500,4400,5200,5400,5400,5900,5700,6300,7300,8000,8400,8300,8700,9600,9000,8400,8000,7700
沈阳,大东区,房租,3,3,3,3,4,4,5,6,7,9,8,11,13,13,13,14,14,15,18,19,20,20,21,23,22,20,19,19
沈阳,皇姑区,房价,1200,1200,1300,1400,1500,1700,2000,2400,2900,3700,3500,4400,5100,5400,5400,5900,5800,6200,7200,8200,8400,8400,8900,9500,9000,8600,8100,7600
沈阳,皇姑区,房租,3,3,4,4,4,5,6,7,8,10,10,12,14,15,15,17,16,18,20,23,24,24,25,27,26,24,23,22
沈阳,铁西区,房价,1200,1200,1300,1400,1500,1700,2000,2400,2900,3600,3500,4500,5300,5400,5500,6000,5900,6300,7300,8100,8400,8500,8900,9400,9100,8400,8000,7600
沈阳,铁西区,房租,3,3,4,4,4,5,5,7,8,10,10,12,14,15,15,16,16,17,20,22,23,23,24,26,25,23,22,21
沈阳,苏家屯区,房价,1100,1200,1300,1400,1500,1700,2000,2500,2900,3700,3600,4500,5100,5300,5500,5900,5800,6200,7400,8200,8200,8300,8800,9700,8900,8600,8100,7500
沈阳,苏家屯区,房租,3,3,3,3,4,4,5,6,7,9,9,11,13,13,14,15,14,15,18,20,20,20,22,24,22,21,20,19
沈阳,浑南区,房价,1200,1200,1300,1400,1500,1700,2000,2400,2900,3600,3500,4400,5300,5400,5400,5900,5700,6200,7300,8000,8400,8400,8600,9400,9000,8700,8000,7800
沈阳,浑南区,房租,3,3,3,3,3,4,4,5,6,8,8,10,12,12,12,13,13,14,16,18,19,19,19,21,20,19,18,17
沈阳,沈北新区,房价,1100,1200,1300,1400,1500,1700,2000,2400,2900,3700,3500,4500,5200,5500,5500,6100,5900,6200,7300,8100,8300,8500,8900,9700,9100,8600,8100,7700
沈阳,沈北新区,房租,3,3,3,4,4,4,5,6,8,10,9,12,14,15,15,16,16,16,19,21,22,22,24,26,24,23,21,20
沈阳,于洪区,房价,1200,1200,1300,1400,1500,1700,2000,2500,3000,3700,3500,4500,5300,5400,5300,5900,5800,6300,7400,7900,8100,8400,8700,9600,9100,8700,8000,7600
沈阳,于洪区,房租,3,3,3,4,4,4,5,7,8,10,9,12,14,14,14,15,15,16,19,21,21,22,23,25,24,23,21,20
沈阳,辽中区,房价,1200,1200,1300,1400,1500,1700,2000,2500,2900,3700,3500,4400,5100,5300,5400,6100,5700,6300,7200,8000,8400,8500,8700,9500,8900,8500,8000,7600
沈阳,辽中区,房租,3,3,4,4,4,5,6,7,8,10,10,12,14,15,15,17,16,17,20,22,23,23,24,26,24,23,22,21
哈尔滨,全城均价,房价,1200,1300,1400,1400,1600,1700,2100,2500,3000,3900,3700,4700,5400,5700,5800,6200,6100,6600,7600,8400,8500,8800,9200,9900,9400,9100,8300,8000
哈尔滨,全城均价,房租,3,4,4,4,5,5,6,7,8,11,10,13,15,16,16,17,17,19,21,24,24,25,26,28,26,26,23,23
哈尔滨,道里区,房价,1100,1200,1200,1300,1400,1600,1900,2300,2700,3400,3400,4200,4900,5000,5000,5700,5400,5800,6900,7500,7800,7900,8300,9100,8400,8100,7700,7300
哈尔滨,道里区,房租,2,3,3,3,3,3,4,5,6,7,7,9,10,11,11,12,11,12,15,16,16,17,18,19,18,17,16,15
哈尔滨,南岗区,房价,1100,1200,1200,1300,1500,1600,1900,2300,2700,3400,3300,4200,4900,5000,5100,5600,5400,5800,6800,7500,7800,7900,8300,8900,8400,8200,7500,7200
哈尔滨,南岗区,房租,2,3,3,3,3,3,4,5,6,7,7,9,10,11,11,12,11,12,14,16,16,17,17,19,18,17,16,15
哈尔滨,道外区,房价,1100,1100,1200,1300,1500,1600,1900,2300,2700,3500,3400,4100,4900,5000,5200,5700,5500,5900,6900,7700,7700,8000,8400,9100,8600,8100,7500,7200
哈尔滨,道外区,房租,3,3,3,3,4,4,5,6,7,9,9,10,12,13,13,14,14,15,17,19,19,20,21,23,22,20,19,18
哈尔滨,平房区,房价,1100,1100,1200,1300,1400,1600,1900,2300,2800,3400,3300,4200,4900,5000,5000,5600,5500,6000,6700,7400,7800,7800,8100,8800,8700,8200,7500,7200
哈尔滨,平房区,房租,2,2,3,3,3,3,4,5,6,7,7,9,11,11,11,12,12,13,14,16,17,17,17,19,19,18,16,16
哈尔滨,松北区,房价,1100,1200,1200,1300,1500,1600,1900,2300,2700,3500,3300,4200,4800,5100,5000,5600,5400,5800,6800,7700,7700,7900,8100,8900,8400,8000,7500,7300
哈尔滨,松北区,房租,3,3,3,3,4,4,5,6,7,9,9,11,13,14,13,15,14,15,18,20,20,21,21,24,22,21,20,19
哈尔滨,香坊区,房价,1100,1200,1200,1300,1400,1600,1900,2300,2700,3400,3300,4200,4800,5100,5100,5700,5600,6000,6800,7600,7600,7800,8200,9100,8500,8200,7400,7100
哈尔滨,香坊区,房租,2,3,3,3,3,4,4,5,6,8,7,9,11,12,12,13,13,14,15,17,17,18,19,21,19,19,17,16
哈尔滨,呼兰区,房价,600,600,700,700,800,900,1000,1300,1500,1900,1800,2300,2700,2800,2800,3100,3100,3300,3800,4200,4200,4400,4700,4900,4800,4400,4200,4000
哈尔滨,呼兰区,房租,1,1,1,1,2,2,2,3,3,4,4,5,6,6,6,7,7,7,8,9,9,9,10,10,10,9,9,9
哈尔滨,阿城区,房价,600,600,700,700,800,900,1000,1300,1500,2000,1900,2300,2800,2800,2800,3100,3000,3300,3800,4200,4300,4500,4700,5100,4800,4500,4100,4100
哈尔滨,阿城区,房租,1,1,1,1,2,2,2,3,3,4,4,5,6,6,6,7,6,7,8,9,9,9,10,11,10,9,9,9
哈尔滨,双城区,房价,600,600,700,700,800,900,1000,1300,1500,1900,1900,2300,2800,2800,2800,3100,3000,3300,3900,4100,4300,4300,4500,5100,4800,4500,4200,3900
哈尔滨,双城区,房租,1,1,2,2,2,2,2,3,3,4,4,5,6,6,6,7,7,8,9,9,10,10,10,12,11,10,10,9
长春,全城均价,房价,1200,1200,1300,1400,1600,1700,2000,2500,3000,3800,3600,4600,5300,5500,5400,6000,5900,6300,7400,8200,8400,8700,9000,9800,9200,8700,8300,7700
长春,全城均价,房租,3,3,3,4,4,5,5,7,8,10,10,12,14,15,14,16,16,17,20,22,22,23,24,26,24,23,22,20
长春,南关区,房价,1000,1100,1200,1200,1400,1500,1800,2200,2700,3400,3200,4100,4700,4900,5000,5500,5300,5700,6600,7300,7500,7800,7900,8600,8400,7900,7400,7100
长春,南关区,房租,3,3,3,3,4,4,5,6,7,9,8,11,12,13,13,14,14,15,17,19,19,20,21,22,22,21,19,18
长春,宽城区,房价,1000,1100,1200,1300,1400,1500,1800,2300,2600,3300,3200,4100,4800,5000,4900,5500,5300,5700,6700,7500,7500,7700,8200,8600,8400,7900,7400,7100
长春,宽城区,房租,3,3,3,4,4,4,5,7,7,9,9,12,14,14,14,16,15,16,19,21,21,22,23,24,24,22,21,20
长春,朝阳区,房价,1000,1100,1200,1300,1400,1600,1800,2200,2700,3300,3200,4100,4700,4800,4900,5400,5300,5900,6800,7300,7600,7900,8100,8700,8400,7800,7500,7100
长春,朝阳区,房租,2,2,3,3,3,4,4,5,6,7,7,9,10,11,11,12,12,13,15,16,17,18,18,19,19,17,17,16
长春,二道区,房价,1000,1100,1200,1200,1400,1500,1800,2300,2700,3300,3200,4100,4700,4800,5000,5500,5300,5700,6600,7300,7600,7600,8000,8700,8300,7700,7300,7100
长春,二道区,房租,2,2,3,3,3,3,4,5,6,7,7,9,10,10,11,12,11,12,14,16,16,16,17,19,18,17,16,15
长春,绿园区,房价,1100,1100,1200,1300,1400,1600,1800,2300,2600,3400,3200,4100,4700,5000,4900,5500,5300,5800,6700,7400,7500,7600,8000,8900,8100,7900,7500,7000
长春,绿园区,房租,3,3,3,3,3,4,4,5,6,8,7,9,11,11,11,13,12,13,15,17,17,17,18,20,18,18,17,16
长春,双阳区,房价,600,600,700,700,800,900,1000,1200,1500,1800,1800,2300,2600,2700,2700,3000,3000,3200,3700,4100,4200,4200,4500,4800,4600,4500,4000,4000
长春,双阳区,房租,2,2,2,2,2,2,3,3,4,5,5,6,7,7,7,8,8,9,10,11,12,12,12,13,13,12,11,11
长春,九台区,房价,600,600,700,700,800,900,1000,1200,1500,1900,1800,2200,2700,2800,2700,3000,3000,3200,3700,4100,4200,4300,4400,4800,4600,4400,4100,4000
长春,九台区,房租,1,1,2,2,2,2,2,3,3,4,4,5,6,6,6,7,7,7,8,9,10,10,10,11,10,10,9,9
石家庄,全城均价,房价,1800,1900,2100,2200,2400,2600,3100,3800,4500,5800,5400,6800,8300,8500,8600,9300,9200,9800,11400,12500,13000,13400,13900,15200,14200,13600,12600,12000
石家庄,全城均价,房租,4,4,5,5,6,6,7,9,11,14,13,16,19,20,20,22,22,23,27,29,31,31,33,36,33,32,30,28
石家庄,长安区,房价,1600,1700,1800,1900,2200,2300,2900,3400,4100,5300,4900,6200,7500,7500,7500,8400,8200,8900,10200,11200,11700,12100,12300,13300,13000,12300,11300,10900
石家庄,长安区,房租,3,4,4,4,5,5,6,7,9,11,10,13,16,16,16,18,17,19,21,23,24,25,26,28,27,26,24,23
石家庄,桥西区,房价,1600,1700,1800,1900,2100,2300,2800,3500,4000,5100,5000,6200,7500,7500,7800,8500,8200,8900,10200,11300,11600,12100,12700,13500,12600,12200,11400,11000
石家庄,桥西区,房租,4,4,5,5,6,6,7,9,11,13,13,16,20,20,21,22,22,23,27,30,31,32,33,36,33,32,30,29
石家庄,新华区,房价,1600,1700,1800,1900,2200,2400,2800,3400,4100,5300,5000,6200,7400,7700,7700,8600,8100,8900,10400,11400,11800,11900,12600,13700,12700,12000,11500,10600
石家庄,新华区,房租,4,4,5,5,6,6,7,9,11,14,13,16,19,20,20,22,21,23,27,30,31,31,33,36,33,31,30,27
石家庄,裕华区,房价,1600,1700,1800,1900,2200,2300,2800,3400,4200,5200,5000,6200,7400,7600,7700,8400,8100,8700,10400,11400,11800,11700,12500,13400,12800,11900,11400,11000
石家庄,裕华区,房租,3,4,4,4,5,5,6,7,9,11,10,13,15,16,16,18,17,18,22,24,25,24,26,28,27,25,24,23
石家庄,井陉矿区,房价,900,1000,1000,1100,1200,1300,1600,1900,2300,2900,2800,3500,4100,4300,4200,4700,4500,4900,5700,6300,6500,6700,6900,7500,7000,6800,6200,6000
石家庄,井陉矿区,房租,2,3,3,3,3,3,4,5,6,8,7,9,11,12,11,13,12,13,15,17,17,18,18,20,19,18,17,16
石家庄,藁城区,房价,900,1000,1000,1100,1200,1300,1500,1900,2300,2800,2800,3500,4200,4200,4200,4600,4500,5000,5600,6400,6400,6600,6800,7500,7100,6700,6300,6100
石家庄,藁城区,房租,2,2,2,3,3,3,4,5,6,7,7,9,10,10,10,11,11,12,14,16,16,16,17,19,18,17,16,15
石家庄,鹿泉区,房价,900,1000,1000,1100,1200,1300,1500,1900,2300,2900,2800,3500,4000,4100,4200,4600,4500,5000,5800,6300,6400,6700,6900,7500,7100,6800,6400,5900
石家庄,鹿泉区,房租,2,2,2,2,3,3,3,4,5,6,6,8,9,9,9,10,10,11,13,14,14,15,15,17,16,15,14,13
石家庄,栾城区,房价,900,900,1000,1100,1200,1300,1600,1900,2300,2900,2700,3500,4100,4200,4200,4700,4500,5000,5800,6400,6500,6500,6900,7500,7100,6800,6300,5900
石家庄,栾城区,房租,2,2,2,2,3,3,4,4,5,6,6,8,9,9,9,10,10,11,13,14,14,14,15,16,16,15,14,13
福州,全城均价,房价,3200,3300,3500,3700,4300,4700,5500,6800,8000,10200,9600,12300,14300,14400,14900,16300,15700,17000,19600,21900,22500,23200,24400,26100,25000,23200,22400,21100
福州,全城均价,房租,7,8,8,8,10,11,13,16,18,23,22,28,33,33,34,37,36,39,45,50,51,53,56,60,57,53,51,48
福州,鼓楼区,房价,4500,4700,5000,5200,5900,6500,7800,9500,11100,14100,13300,17300,19800,20700,20500,22600,22700,24400,28100,31400,32100,32700,34300,36000,34400,32900,31200,29600
福州,鼓楼区,房租,13,13,14,15,17,18,22,27,31,40,38,49,56,59,58,64,64,69,80,89,91,93,97,102,97,93,88,84
福州,台江区,房价,2900,3000,3200,3400,3800,4200,5000,6100,7200,9100,8600,11000,13000,13500,13400,15000,14100,15700,17700,19900,20200,21000,22100,23500,22600,20800,20100,19100
福州,台江区,房租,7,7,8,8,9,10,12,15,18,23,21,27,32,34,33,37,35,39,44,50,50,52,55,58,56,52,50,48
福州,仓山区,房价,2900,3000,3300,3400,3700,4100,4800,5900,7000,9100,8800,10800,12700,13300,13700,14500,14400,15600,18100,19800,20100,21000,21500,23900,22100,20900,20100,18900
福州,仓山区,房租,7,8,8,9,9,10,12,15,18,23,22,28,32,34,35,37,37,40,46,51,51,54,55,61,56,53,51,48
福州,马尾区,房价,2900,3000,3200,3400,3900,4100,4900,5900,7100,9100,8800,10900,13000,13000,13600,14700,14200,15700,18200,20200,20200,20600,21700,23500,21900,20800,20100,18700
福州,马尾区,房租,7,7,8,8,9,10,12,14,17,22,21,26,31,31,32,35,34,37,43,48,48,49,51,56,52,49,48,44
福州,晋安区,房价,2800,3000,3200,3400,3700,4100,4900,5900,7100,9100,8700,10800,13100,13400,13600,14600,14200,15500,17900,20200,20300,20800,22000,23500,22400,21300,20100,19100
福州,晋安区,房租,8,8,9,9,10,11,14,16,20,25,24,30,37,37,38,41,40,43,50,56,57,58,61,65,62,59,56,53
福州,长乐区,房价,2900,3000,3200,3400,3800,4100,5000,6000,7000,9000,8800,11000,12600,13400,13600,14900,14500,15600,17700,19800,20800,20600,21900,24000,22500,21500,19500,19200
福州,长乐区,房租,7,7,7,8,9,9,11,14,16,21,20,25,29,31,31,34,33,36,40,45,48,47,50,55,51,49,45,44
厦门,全城均价,房价,5600,6100,6500,6700,7700,8500,10000,12100,14300,17900,17600,21800,26300,26500,26900,29200,28500,31700,35700,40600,41600,41000,43100,47000,45400,42500,39100,37900
厦门,全城均价,房租,11,11,12,13,14,16,19,23,27,34,33,41,49,50,50,55,54,60,67,76,78,77,81,88,85,80,73,71
厦门,思明区,房价,7900,8600,9100,9700,10500,11500,14000,16700,19900,25500,24700,30900,35800,37800,37600,40700,40300,44100,49700,56200,56700,59500,62200,66200,63900,59300,56700,52800
厦门,思明区,房租,14,15,16,17,18,20,24,29,34,44,42,53,61,65,64,70,69,75,85,96,97,102,106,113,109,101,97,90
厦门,湖里区,房价,5100,5400,5900,6200,6900,7400,8800,11000,12800,16200,15900,19900,23100,24100,23900,27100,26200,28500,33000,35400,36900,38300,39000,42700,40000,38400,35300,34600
厦门,湖里区,房租,9,10,11,11,13,14,16,20,24,30,29,37,43,44,44,50,48,53,61,65,68,71,72,79,74,71,65,64
厦门,集美区,房价,5100,5400,5900,6100,6700,7500,8900,10900,13100,16100,15500,19800,23400,24300,24000,26900,26100,27800,33100,35700,37300,38000,38600,43000,40800,38900,35900,34400
厦门,集美区,房租,9,10,11,11,12,14,16,20,24,30,29,37,43,45,44,50,48,51,61,66,69,70,71,80,76,72,66,64
厦门,海沧区,房价,5100,5400,5700,6300,6700,7700,9000,10800,12900,16200,15500,20200,23300,24400,24000,26500,25600,27900,32300,36500,37600,37000,39300,42900,41100,38700,35500,33900
厦门,海沧区,房租,8,9,9,10,11,13,15,18,21,27,26,33,39,40,40,44,42,46,54,60,62,61,65,71,68,64,59,56
厦门,同安区,房价,5100,5400,5800,6100,6900,7400,8900,10800,12800,16400,15900,19600,23200,24400,24000,26300,26100,28000,32000,36100,37600,37900,39100,42200,40700,38400,36400,34100
厦门,同安区,房租,9,10,10,11,12,13,16,20,23,30,29,35,42,44,43,48,47,51,58,65,68,68,71,76,74,69,66,62
厦门,翔安区,房价,5200,5500,5900,6100,6900,7400,8900,11100,12800,16300,15500,19800,23200,23900,24500,26600,26100,27600,32000,36300,37500,37400,38800,43200,41000,39000,35500,33700
厦门,翔安区,房租,9,10,11,11,12,13,16,20,23,29,28,35,41,43,44,47,46,49,57,65,67,67,69,77,73,69,63,60
南昌,全城均价,房价,1500,1600,1700,1800,2000,2200,2600,3200,3800,4800,4700,5700,6700,6900,7000,7700,7600,8300,9700,10600,11000,10800,11400,12500,11700,11300,10300,10100
南昌,全城均价,房租,4,4,4,5,5,6,7,8,10,12,12,14,17,17,18,19,19,21,24,27,28,27,29,32,30,29,26,25
南昌,东湖区,房价,1300,1400,1500,1600,1800,2000,2300,2900,3400,4300,4100,5200,6000,6400,6400,7200,6900,7400,8600,9500,9800,10000,10400,11100,10600,10300,9500,9000
南昌,东湖区,房租,3,3,3,3,4,4,5,6,7,9,9,11,13,14,14,15,15,16,18,20,21,21,22,24,23,22,20,19
南昌,西湖区,房价,1300,1400,1500,1600,1800,2000,2300,2800,3500,4300,4200,5300,6200,6200,6400,7100,6900,7300,8700,9500,9600,9800,10500,11100,10800,10100,9400,8800
南昌,西湖区,房租,3,4,4,4,5,5,6,7,9,12,11,14,17,17,17,19,18,20,23,25,26,26,28,30,29,27,25,24
南昌,青云谱区,房价,1300,1400,1500,1600,1800,2000,2300,2900,3500,4400,4200,5300,6000,6200,6400,7100,6900,7400,8500,9600,9700,9800,10300,11400,10500,10100,9600,8800
南昌,青云谱区,房租,3,3,4,4,4,5,5,7,8,10,10,12,14,15,15,17,16,17,20,23,23,23,24,27,25,24,23,21
南昌,湾里管理局,房价,700,800,900,900,1000,1100,1300,1600,1900,2400,2300,2900,3400,3500,3600,3900,3800,4200,4800,5300,5400,5400,5700,6400,5800,5500,5300,4900
南昌,湾里管理局,房租,2,2,2,2,2,2,3,4,4,5,5,6,7,8,8,9,8,9,11,12,12,12,13,14,13,12,12,11
南昌,青山湖区,房价,1300,1500,1500,1600,1800,2000,2300,2800,3400,4400,4100,5200,6200,6300,6400,6900,6900,7400,8600,9500,9600,9900,10400,11400,10800,10000,9500,8900
南昌,青山湖区,房租,3,3,3,4,4,5,5,6,8,10,9,12,14,14,15,16,16,17,20,22,22,23,24,26,25,23,22,20
南昌,新建区,房价,1300,1400,1600,1600,1800,2000,2400,2800,3400,4400,4100,5200,6000,6200,6300,7100,6800,7500,8400,9300,9800,10000,10400,11300,10800,10100,9600,9000
南昌,新建区,房租,3,3,4,4,4,5,6,7,8,10,10,12,14,15,15,17,16,18,20,22,23,24,25,27,26,24,23,21
南昌,红谷滩区,房价,1400,1500,1500,1600,1800,2000,2300,2900,3400,4300,4100,5200,6200,6200,6400,6900,6800,7500,8400,9500,9900,9800,10400,11300,10600,9900,9400,9100
南昌,红谷滩区,房租,4,4,4,4,5,5,6,8,9,11,11,14,16,16,17,18,18,20,22,25,26,26,28,30,28,26,25,24
昆明,全城均价,房价,1600,1800,1800,2000,2200,2400,2900,3600,4200,5400,5100,6400,7500,7800,7900,8700,8400,9000,10600,11700,11700,12000,12500,14000,12800,12500,11600,11000
昆明,全城均价,房租,4,4,4,5,5,6,7,9,10,13,13,16,19,19,20,22,21,22,26,29,29,30,31,35,32,31,29,27
昆明,五华区,房价,1500,1600,1700,1800,2000,2200,2600,3100,3700,4700,4600,5700,6800,6900,7000,7600,7600,8300,9400,10300,10900,11100,11600,12500,11600,11000,10200,9800
昆明,五华区,房租,3,3,4,4,4,5,6,7,8,10,10,12,14,15,15,16,16,18,20,22,23,23,25,26,25,23,22,21
昆明,盘龙区,房价,1500,1600,1700,1800,2000,2200,2600,3200,3800,4700,4600,5700,6700,7000,7000,7600,7600,8200,9400,10400,10500,11000,11300,12300,11500,10900,10400,9900
昆明,盘龙区,房租,3,4,4,4,5,5,6,7,9,11,10,13,15,16,16,17,17,19,21,24,24,25,26,28,26,25,24,23
昆明,官渡区,房价,1500,1600,1700,1800,2000,2200,2600,3200,3800,4800,4500,5600,6800,7000,7100,7600,7500,8300,9300,10600,10700,10800,11200,12500,11800,11200,10200,9800
昆明,官渡区,房租,4,4,4,5,5,6,7,8,10,12,11,14,17,18,18,19,19,21,24,27,27,27,28,32,30,28,26,25
昆明,西山区,房价,1500,1600,1700,1800,2000,2100,2600,3200,3700,4700,4500,5900,6900,6900,7200,7900,7600,8300,9300,10600,10900,10900,11200,12500,11700,11200,10300,9800
昆明,西山区,房租,4,4,5,5,6,6,7,9,10,13,13,16,19,19,20,22,21,23,26,29,30,30,31,35,33,31,29,27
昆明,东川区,房价,1500,1600,1700,1800,2000,2200,2600,3200,3800,4800,4600,5800,6600,6900,7200,7600,7500,8200,9300,10400,10700,10800,11300,12300,11600,11000,10600,10000
昆明,东川区,房租,3,3,4,4,4,5,6,7,8,10,10,13,14,15,16,16,16,18,20,22,23,23,24,27,25,24,23,22
昆明,呈贡区,房价,1500,1600,1700,1800,2000,2100,2600,3200,3700,4700,4500,5700,6700,6800,6900,7700,7600,8200,9400,10600,10500,11100,11400,12200,11500,11100,10500,10000
昆明,呈贡区,房租,4,4,5,5,6,6,7,9,10,13,13,16,19,19,19,21,21,23,26,29,29,31,32,34,32,31,29,28
昆明,晋宁区,房价,1500,1600,1700,1800,2000,2200,2500,3200,3800,4800,4500,5700,6700,7000,7000,7600,7600,8200,9300,10300,10900,10900,11500,12500,11900,11300,10300,9800
昆明,晋宁区,房租,3,4,4,4,5,5,6,7,9,11,10,13,15,16,16,18,18,19,21,24,25,25,26,29,27,26,24,23
佛山,全城均价,房价,2100,2200,2300,2500,2800,3100,3600,4500,5300,6700,6400,8100,9300,9600,10100,11100,10600,11300,13100,14900,15000,15500,16300,17400,16300,15600,14500,13900
佛山,全城均价,房租,5,6,6,6,7,8,9,12,14,17,16,21,24,25,26,28,27,29,34,38,38,40,42,45,42,40,37,36
佛山,禅城区,房价,1900,2000,2100,2200,2500,2800,3300,4000,4700,6200,5800,7200,8600,8800,8800,10000,9700,10200,11900,13400,13400,13800,14700,15600,14900,13900,13300,12600
佛山,禅城区,房租,4,5,5,5,6,6,8,9,11,14,13,16,20,20,20,23,22,23,27,30,30,31,33,35,34,32,30,29
佛山,南海区,房价,1900,2000,2200,2300,2600,2800,3300,4000,4700,6000,5700,7200,8500,8900,9100,9700,9400,10400,11800,13000,13600,13600,14700,15600,14800,13800,13200,12600
佛山,南海区,房租,5,5,6,6,7,7,9,10,12,15,15,19,22,23,23,25,24,27,30,34,35,35,38,40,38,36,34,32
佛山,顺德区,房价,1900,2000,2100,2300,2500,2800,3300,4000,4700,6000,5800,7300,8600,8700,9100,9900,9600,10100,12000,13100,13500,13800,14300,15800,14700,14300,13300,12400
佛山,顺德区,房租,4,5,5,5,6,6,8,9,11,14,13,17,20,20,21,23,22,23,27,30,31,31,33,36,33,33,30,28
佛山,高明区,房价,1900,2000,2100,2300,2500,2800,3300,4000,4800,6000,5700,7400,8700,8700,8900,9800,9500,10500,12100,13200,13700,13800,14300,15600,14900,14100,13300,12800
佛山,高明区,房租,5,5,6,6,7,7,9,11,13,16,15,20,23,23,24,26,25,28,32,35,36,37,38,41,40,37,35,34
佛山,三水区,房价,1900,2100,2100,2300,2500,2800,3300,4000,4900,6000,5700,7200,8400,9000,9000,9700,9500,10200,12000,13100,13400,13700,14700,15800,15000,13800,13100,12400
佛山,三水区,房租,4,5,5,5,6,6,7,9,11,14,13,16,19,20,20,22,22,23,27,30,30,31,33,36,34,31,30,28
东莞,全城均价,房价,3300,3500,3700,4000,4400,4900,5700,7000,8400,10400,10100,12800,15000,15300,15700,17400,17000,18300,20500,22800,23800,24600,25700,27900,25800,24400,23000,22000
东莞,全城均价,房租,8,8,9,9,10,11,13,16,20,24,24,30,35,36,37,41,40,43,48,53,56,57,60,65,60,57,54,51
东莞,莞城街道,房价,3000,3200,3400,3500,3900,4400,5200,6300,7600,9700,9100,11600,13200,13900,14100,15600,14900,16000,18700,21000,21300,21700,22800,24700,23300,22000,20900,19400
东莞,莞城街道,房租,6,7,7,7,8,9,11,13,16,20,19,24,28,29,29,33,31,33,39,44,45,45,48,52,49,46,44,41
东莞,东城街道,房价,3000,3200,3400,3500,4000,4400,5200,6400,7600,9600,9100,11600,13600,13900,14100,15500,14900,16000,18700,20700,21800,21800,23100,25200,23700,22300,20900,19900
东莞,东城街道,房租,9,9,10,10,11,13,15,18,22,27,26,33,39,40,40,44,43,46,53,59,62,62,66,72,68,64,60,57
东莞,南城街道,房价,3000,3200,3400,3500,4000,4300,5200,6300,7400,9500,9200,11500,13400,13800,13900,15600,14800,16000,19000,20900,21100,22100,22900,24500,23300,21800,20600,19700
东莞,南城街道,房租,6,7,7,7,9,9,11,13,16,20,20,24,28,29,30,33,31,34,40,44,45,47,49,52,50,46,44,42
东莞,万江街道,房价,2900,3100,3400,3500,3900,4300,5100,6400,7500,9700,9200,11600,13400,13700,13900,15400,15300,16000,19100,20600,21100,21900,22800,25000,23300,22600,21100,19900
东莞,万江街道,房租,7,7,8,8,9,10,12,15,17,22,21,26,31,31,32,35,35,36,43,47,48,50,52,57,53,51,48,45
东莞,虎门镇,房价,2900,3100,3300,3600,3900,4400,5100,6300,7600,9600,9200,11300,13600,13700,14200,15700,15300,16100,18500,20900,21000,21800,22900,25100,23400,22400,21200,19900
东莞,虎门镇,房租,8,8,9,10,11,12,14,17,21,26,25,31,37,37,38,42,41,43,50,56,57,59,62,68,63,60,57,54
东莞,长安镇,房价,3000,3100,3400,3600,3900,4300,5100,6400,7500,9500,9300,11500,13600,13800,14300,15300,14900,16200,19000,20900,21500,21900,23000,25100,23600,22400,20700,20200
东莞,长安镇,房租,8,8,9,9,10,11,13,16,19,24,24,29,35,35,37,39,38,41,49,53,55,56,59,64,60,57,53,52
东莞,松山湖,房价,3000,3200,3400,3600,3900,4400,5200,6400,7500,9700,9000,11500,13500,13600,13900,15600,15100,16200,19000,20600,21000,21500,23100,24300,23800,22500,20600,19500
东莞,松山湖,房租,7,8,8,9,10,11,13,16,18,24,22,28,33,33,34,38,37,40,47,51,52,53,57,60,58,55,51,48
合肥,全城均价,房价,2400,2600,2700,2900,3100,3500,4200,5200,6100,7800,7400,9100,10900,11200,11100,12500,12100,13000,14900,16600,17300,17500,18400,20400,19200,18200,17000,16300
合肥,全城均价,房租,7,7,8,8,9,10,12,15,17,22,21,25,30,31,31,35,34,36,42,46,48,49,51,57,54,51,48,46
合肥,瑶海区,房价,2100,2300,2400,2500,2900,3200,3800,4600,5600,7000,6700,8500,9900,9900,10300,11400,11000,11700,13800,15300,15600,15800,16500,18300,17200,16200,15200,14200
合肥,瑶海区,房租,6,6,7,7,8,9,11,13,16,20,19,24,28,28,29,32,31,33,39,43,44,45,47,52,49,46,43,40
合肥,庐阳区,房价,3400,3600,3800,4100,4500,4900,5900,7100,8700,10800,10100,12900,15100,15800,16200,17400,16800,18400,21000,23300,24500,24900,26000,28200,26400,25300,23900,22200
合肥,庐阳区,房租,8,8,8,9,10,11,13,16,19,24,22,29,34,35,36,39,37,41,47,52,54,55,58,63,59,56,53,49
合肥,蜀山区,房价,2100,2300,2400,2600,2900,3200,3700,4500,5500,7000,6500,8300,9700,10100,10000,11000,10900,12000,13900,15300,15600,16000,16800,18100,16900,15900,15100,14500
合肥,蜀山区,房租,5,5,5,6,6,7,8,10,12,16,15,19,22,23,22,25,24,27,31,34,35,36,38,41,38,36,34,32
合肥,包河区,房价,2100,2300,2400,2600,2900,3100,3800,4700,5500,6900,6700,8400,9800,10200,10100,11000,10900,11900,13500,15400,15300,15700,16500,18200,16900,16100,15300,14600
合肥,包河区,房租,6,6,7,7,8,9,11,13,15,19,19,24,27,29,28,31,31,33,38,43,43,44,46,51,47,45,43,41
合肥,高新区,房价,2900,3100,3300,3500,3800,4300,5000,6200,7300,9100,9000,11100,13100,13300,13800,15200,14600,15700,17900,20500,20900,21300,21700,23900,22300,21200,20200,19200
合肥,高新区,房租,6,7,7,8,8,9,11,13,16,20,19,24,28,29,30,33,32,34,39,44,45,46,47,52,48,46,44,42
合肥,政务区,房价,2900,3100,3300,3400,3800,4200,5000,6200,7300,9400,8900,11200,12800,13700,13900,14700,14500,15900,18100,20000,20700,20800,22500,24400,22800,21800,19900,19100
合肥,政务区,房租,6,7,7,7,8,9,11,13,16,20,19,24,27,29,30,32,31,34,39,43,44,45,48,52,49,47,43,41
宁波,全城均价,房价,3500,3700,3900,4200,4600,5000,5900,7300,8800,10900,10400,13200,15700,16300,16400,17800,17300,19000,21600,23900,25000,25700,27000,29000,26600,25900,24000,23200
宁波,全城均价,房租,8,9,9,10,11,12,14,17,20,25,24,31,36,38,38,41,40,44,50,55,58,59,62,67,61,60,55,54
宁波,海曙区,房价,3100,3300,3600,3700,4200,4600,5300,6700,7700,9800,9400,11900,14000,14400,14700,16300,15400,17200,20000,21800,22200,22400,23900,26400,24100,23600,21400,21100
宁波,海曙区,房租,7,7,8,8,9,10,11,14,16,21,20,25,30,31,31,35,33,36,42,46,47,48,51,56,51,50,45,45
宁波,江北区,房价,3100,3300,3500,3800,4200,4500,5400,6500,7800,10100,9400,12000,13900,14700,14700,15900,15800,16900,19400,21600,22700,22400,24100,25700,24800,23200,21600,20500
宁波,江北区,房租,8,8,8,9,10,11,13,16,19,25,23,29,34,36,36,39,38,41,47,52,55,54,59,62,60,56,52,50
宁波,北仑区,房价,3100,3300,3500,3700,4200,4600,5300,6700,7800,9800,9700,12000,13900,14500,14800,16100,15900,17000,19300,22100,22700,22900,24000,26100,24900,23000,21600,20800
宁波,北仑区,房租,9,9,10,11,12,13,15,19,22,28,28,34,40,41,42,46,45,49,55,63,65,65,69,75,71,66,62,59
宁波,镇海区,房价,3100,3300,3600,3700,4100,4500,5400,6700,7800,9800,9600,12100,13800,14500,14500,16400,15700,17000,20000,21900,22800,22600,23300,25600,24800,22800,21500,20600
宁波,镇海区,房租,7,7,8,8,9,10,11,14,17,21,20,26,29,31,31,35,33,36,42,46,48,48,49,54,53,48,46,44
宁波,鄞州区,房价,3100,3300,3500,3700,4100,4600,5300,6700,7800,10000,9400,12200,13800,14800,14500,16300,15800,17000,19700,21600,22300,22500,23600,25600,24600,23000,21900,20500
宁波,鄞州区,房租,8,9,9,10,11,12,14,18,21,26,25,32,36,39,38,43,42,45,52,57,59,59,62,67,65,61,58,54
宁波,奉化区,房价,3000,3400,3500,3800,4100,4600,5500,6600,7800,10000,9700,12000,13900,14400,15000,16400,15700,17200,19900,21500,22700,22900,24000,26000,24700,23300,21400,21000
宁波,奉化区,房租,7,8,8,9,10,11,13,16,18,24,23,28,33,34,35,39,37,41,47,51,54,54,57,62,58,55,51,50
无锡,全城均价,房价,2200,2300,2500,2600,2900,3100,3800,4700,5400,6900,6700,8500,9800,10100,10400,11300,10800,12100,13700,15200,15400,15700,16800,17800,17200,15900,15200,14400
无锡,全城均价,房租,5,5,6,6,7,7,9,11,13,16,16,20,23,24,25,27,26,29,33,36,37,38,40,43,41,38,36,34
无锡,锡山区,房价,2000,2100,2200,2400,2600,2900,3400,4200,4900,6300,6100,7500,9000,9000,9200,10100,10100,10500,12300,13700,13800,14300,15300,16000,15300,14400,13900,13000
无锡,锡山区,房租,5,6,6,7,7,8,9,11,13,17,17,20,24,24,25,27,27,29,33,37,38,39,42,44,42,39,38,35
无锡,惠山区,房价,2000,2100,2200,2400,2600,2800,3400,4100,5000,6300,6000,7500,8800,9200,9300,10100,9800,10800,12500,13600,14400,14600,14700,16000,15500,14600,13700,13100
无锡,惠山区,房租,5,5,5,6,6,7,8,10,12,15,14,18,21,22,22,24,23,25,29,32,34,34,34,37,36,34,32,31
无锡,滨湖区,房价,2600,2700,3000,3100,3400,3900,4600,5600,6700,8500,8000,10000,11600,12300,12300,13800,13100,14500,16500,18300,18500,19300,19800,21500,20300,19300,18000,17500
无锡,滨湖区,房租,7,7,8,8,9,10,12,14,17,21,20,25,29,31,31,35,33,36,41,46,46,48,50,54,51,48,45,44
无锡,梁溪区,房价,2000,2100,2200,2300,2600,2800,3400,4200,4900,6400,5900,7600,8900,9000,9300,10200,9800,10800,12300,13500,14200,14300,14800,16500,15200,14700,13600,13100
无锡,梁溪区,房租,4,4,5,5,6,6,7,9,10,14,13,16,19,19,20,22,21,23,26,29,30,31,32,35,32,31,29,28
无锡,新吴区,房价,1900,2100,2200,2400,2600,2900,3400,4100,4900,6100,6100,7700,8800,9300,9100,10100,9900,10700,12600,13600,14200,14100,14800,16000,15200,14500,13400,13000
无锡,新吴区,房租,5,5,6,6,7,7,9,11,13,16,16,20,23,24,23,26,25,27,32,35,36,36,38,41,39,37,34,33
郑州,全城均价,房价,1700,1800,1900,2000,2200,2400,2900,3500,4200,5300,5100,6400,7400,7700,7900,8700,8200,8900,10600,11500,11900,12200,12700,13500,13200,12400,11800,11000
郑州,全城均价,房租,4,5,5,5,6,6,7,9,11,13,13,16,19,20,20,22,21,23,27,29,30,31,32,34,33,31,30,28
郑州,中原区,房价,1500,1600,1700,1800,2000,2200,2600,3200,3800,4800,4500,5600,6700,6800,7100,7900,7400,8100,9400,10600,10700,10800,11300,12600,11500,11300,10500,10000
郑州,中原区,房租,3,4,4,4,4,5,6,7,8,11,10,12,15,15,16,18,16,18,21,24,24,24,25,28,26,25,23,22
郑州,二七区,房价,1500,1600,1700,1800,2000,2100,2500,3100,3800,4700,4500,5700,6800,6900,7200,7800,7500,8300,9200,10200,10800,11100,11500,12600,11800,11100,10300,9900
郑州,二七区,房租,4,4,4,5,5,5,6,8,10,12,11,14,17,17,18,20,19,21,23,26,27,28,29,32,30,28,26,25
郑州,管城回族区,房价,1500,1600,1700,1800,2000,2100,2600,3200,3800,4800,4600,5800,6900,7100,7000,7800,7600,8100,9300,10600,10800,10700,11600,12400,11900,11200,10500,9900
郑州,管城回族区,房租,4,4,5,5,6,6,7,9,11,13,13,16,19,20,19,22,21,22,26,29,30,30,32,34,33,31,29,27
郑州,金水区,房价,1500,1600,1700,1800,2000,2200,2600,3200,3800,4700,4600,5800,6800,6900,7000,7800,7600,8100,9500,10400,10800,11100,11200,12500,11800,11000,10400,9900
郑州,金水区,房租,3,3,4,4,4,5,6,7,8,10,10,12,14,15,15,17,16,17,20,22,23,24,24,27,25,23,22,21
郑州,上街区,房价,1500,1600,1700,1800,2000,2200,2500,3100,3800,4800,4500,5700,6700,7000,7000,7800,7500,8100,9500,10300,10500,10800,11400,12600,11700,11000,10600,10000
郑州,上街区,房租,4,4,4,5,5,6,6,8,10,12,12,15,17,18,18,20,19,21,25,27,27,28,29,33,30,28,27,26
郑州,惠济区,房价,1500,1600,1700,1800,2000,2200,2600,3200,3700,4700,4500,5800,6900,7000,6900,7600,7700,8100,9500,10500,10600,11000,11400,12300,11800,11300,10300,9900
郑州,惠济区,房租,4,4,4,4,5,5,6,8,9,12,11,14,17,17,17,19,19,20,24,26,26,27,28,31,29,28,26,25
郑州,郑东新区,房价,1500,1600,1700,1800,2000,2100,2600,3100,3700,4800,4500,5700,6700,6900,7100,7700,7600,8100,9500,10500,10700,11000,11400,12100,11700,11300,10300,9800
郑州,郑东新区,房租,4,4,4,4,5,5,6,7,9,12,11,14,16,17,17,19,18,20,23,25,26,27,28,29,28,27,25,24
长沙,全城均价,房价,1600,1800,1900,2000,2200,2400,2900,3500,4200,5200,5100,6400,7600,7600,7700,8600,8500,9100,10600,11700,12000,12000,12600,13600,13100,12200,11400,10900
长沙,全城均价,房租,4,5,5,5,6,6,8,9,11,14,13,17,20,20,20,23,22,24,28,31,32,32,33,36,34,32,30,29
长沙,芙蓉区,房价,1500,1600,1700,1800,2000,2200,2600,3200,3800,4700,4500,5700,6600,7000,7000,7800,7500,8000,9600,10400,10800,10800,11200,12600,11600,11100,10600,9900
长沙,芙蓉区,房租,3,3,4,4,4,5,6,7,8,10,10,12,14,15,15,17,16,17,21,22,23,23,24,27,25,24,23,21
长沙,天心区,房价,1500,1600,1700,1800,2000,2200,2600,3200,3800,4700,4500,5700,6600,6900,7000,7700,7500,8000,9400,10200,10600,10800,11500,12100,11900,10900,10500,10000
长沙,天心区,房租,3,3,4,4,4,5,6,7,8,10,10,12,14,15,15,16,16,17,20,22,22,23,24,26,25,23,22,21
长沙,岳麓区,房价,1500,1600,1700,1700,2000,2200,2600,3100,3800,4800,4500,5800,6900,6900,7100,7800,7600,8100,9600,10400,10800,10700,11400,12200,11900,11100,10400,9900
长沙,岳麓区,房租,4,4,4,4,5,5,6,7,9,11,11,14,16,16,17,18,18,19,23,25,25,25,27,29,28,26,25,23
长沙,开福区,房价,1500,1600,1700,1800,2000,2200,2500,3100,3800,4800,4600,5600,6900,6900,7100,7800,7400,8300,9500,10300,10800,11000,11600,12400,11700,11200,10300,9900
长沙,开福区,房租,4,4,4,5,5,6,6,8,10,12,12,14,17,17,18,20,19,21,24,26,27,28,29,31,29,28,26,25
长沙,雨花区,房价,1500,1600,1700,1800,1900,2200,2600,3200,3800,4700,4500,5800,6800,6900,7200,7600,7600,8200,9400,10500,10900,11100,11500,12500,11800,11200,10500,9800
长沙,雨花区,房租,4,4,4,4,5,5,6,8,9,11,11,14,17,17,18,19,19,20,23,26,27,27,28,31,29,27,26,24
长沙,望城区,房价,1500,1600,1700,1800,2000,2100,2600,3200,3800,4700,4600,5800,6800,7000,7100,7700,7600,8100,9300,10400,10800,10900,11200,12300,11700,11200,10500,9800
长沙,望城区,房租,4,4,4,4,5,5,6,8,9,12,11,14,17,17,18,19,19,20,23,26,27,27,28,31,29,28,26,24
西安,全城均价,房价,2200,2300,2500,2600,2900,3200,3800,4700,5500,7000,6700,8500,10000,10100,10500,11200,10900,11700,14000,15100,15700,15900,16700,18100,17200,16300,15100,14300
西安,全城均价,房租,5,5,6,6,6,7,8,10,12,15,15,19,22,22,23,25,24,26,31,33,35,35,37,40,38,36,33,32
西安,新城区,房价,1900,2100,2200,2400,2600,2900,3400,4200,5000,6200,5900,7700,9000,9200,9300,10400,9700,10800,12600,13900,14100,14500,15000,16000,15700,14700,13800,13200
西安,新城区,房租,5,5,6,6,7,7,9,11,13,16,15,19,23,23,24,26,25,27,32,35,36,37,38,40,40,37,35,33
西安,碑林区,房价,2000,2100,2200,2400,2600,2900,3400,4100,5000,6400,5900,7600,9000,9100,9200,10300,9800,10700,12600,13800,13900,14200,14800,16100,15200,14700,13900,12900
西安,碑林区,房租,5,5,5,5,6,7,8,9,11,15,13,17,21,21,21,24,22,24,29,31,32,32,34,37,35,34,32,29
西安,莲湖区,房价,2000,2100,2200,2400,2600,2900,3400,4100,4900,6200,6100,7400,9000,9100,9200,10300,9800,10600,12600,13900,13900,14400,14900,16500,15400,14900,13800,13100
西安,莲湖区,房租,5,5,5,6,6,7,8,9,11,14,14,17,21,21,21,24,23,24,29,32,32,33,34,38,35,34,32,30
西安,灞桥区,房价,1900,2100,2200,2400,2700,2900,3400,4100,4900,6100,5900,7400,8800,9100,9300,10200,10000,10900,12600,13600,13900,14100,14900,16100,15500,14800,13500,12900
西安,灞桥区,房租,5,6,6,6,7,8,9,11,13,16,16,20,23,24,25,27,26,29,33,36,37,37,39,42,41,39,36,34
西安,未央区,房价,2000,2100,2200,2400,2600,2800,3400,4200,5000,6200,6000,7500,8800,9100,9400,10000,9900,10700,12500,13500,14300,14200,15200,16400,15200,14400,14000,12900
西安,未央区,房租,4,5,5,5,6,6,7,9,11,13,13,16,19,20,20,22,21,23,27,29,31,31,33,36,33,31,30,28
西安,雁塔区,房价,2000,2100,2200,2400,2600,2900,3400,4100,5000,6200,6100,7600,9000,9000,9200,10100,9700,10600,12400,13800,14100,14600,14700,16500,15100,14800,13600,13200
西安,雁塔区,房租,5,5,6,6,7,8,9,11,13,16,16,20,24,24,24,26,25,28,32,36,37,38,38,43,39,39,36,34
西安,阎良区,房价,2000,2100,2200,2300,2600,2800,3400,4200,4900,6200,6000,7500,9000,9000,9300,10400,9700,10800,12300,13700,14000,14200,14800,16000,15200,14600,13700,13200
西安,阎良区,房租,4,4,5,5,6,6,7,9,10,13,13,16,19,19,20,22,21,23,26,29,30,30,31,34,32,31,29,28
西安,临潼区,房价,1900,2100,2200,2300,2600,2900,3300,4100,4900,6200,5900,7500,9100,9200,9100,10400,9800,10900,12200,13900,14200,14100,15000,16100,15100,14800,14000,13300
西安,临潼区,房租,4,4,5,5,5,6,7,9,10,13,12,16,19,19,19,22,21,23,26,29,30,30,32,34,32,31,30,28
西安,长安区,房价,2000,2100,2200,2300,2600,2900,3400,4100,5000,6200,6000,7700,9000,9000,9400,10100,10100,10800,12400,13500,14100,14500,14900,16200,15400,14400,13700,13000
西安,长安区,房租,5,5,5,5,6,7,8,10,12,15,14,18,21,21,22,24,24,25,29,32,33,34,35,38,36,34,32,30
西安,高陵区,房价,1900,2100,2300,2300,2600,2800,3400,4100,4900,6400,6000,7700,9000,9200,9300,10300,10000,10800,12300,13500,14000,14600,14900,16500,15100,14800,13900,12900
西安,高陵区,房租,4,5,5,5,6,7,8,10,11,15,14,18,21,22,22,24,23,25,29,32,33,34,35,39,35,35,33,30
西安,鄠邑区,房价,2000,2100,2200,2300,2600,2900,3300,4200,4900,6200,6000,7700,8900,9000,9400,10100,9700,10900,12300,13900,14000,14400,15100,16200,15300,14400,13500,13000
西安,鄠邑区,房租,5,5,5,5,6,7,7,10,11,14,14,17,20,20,21,23,22,25,28,32,32,33,34,37,35,33,31,30
西安,西咸新区,房价,2000,2100,2200,2300,2600,2900,3400,4200,5000,6300,6000,7500,8900,9200,9400,10000,9800,10800,12500,13500,14200,14100,14900,16100,15300,14800,13500,13200
西安,西咸新区,房租,5,5,5,5,6,7,8,9,11,14,14,17,20,21,21,23,22,24,28,30,32,32,34,36,34,33,30,30
